time start,tme end,time duration,source addr,dest addr,source port,dest port,prot,flag,,,#pkts,#byte,,,,,,,,,,,,,,,,,,,,,,,,,,,,,,,,,,,time recvd,Application,Sub/App,
ts,te,td,sa,da,sp,dp,pr,flg,fwd,stos,ipkt,ibyt,opkt,obyt,in,out,sas,das,smk,dmk,dtos,dir,nh,nhb,svln,dvln,ismc,odmc,idmc,osmc,mpls1,mpls2,mpls3,mpls4,mpls5,mpls6,mpls7,mpls8,mpls9,mpls10,cl,sl,al,ra,eng,exid,tr,,,
16/10/2022 21:32,16/10/2022 21:32,0.022,10.0.2.15,152.199.21.141,36402,443,TCP,.....RS.,0,0,2,100,0,0,0,0,0,0,0,0,0,0,0.0.0.0,0.0.0.0,0,0,00:00:00:00:00:00,00:00:00:00:00:00,00:00:00:00:00:00,00:00:00:00:00:00,0-0-0,0-0-0,0-0-0,0-0-0,0-0-0,0-0-0,0-0-0,0-0-0,0-0-0,0-0-0,0,0,0,127.0.0.1,0/0,1,35:01.1,Twitter,Edge/CDN,
16/10/2022 21:32,16/10/2022 21:32,0.022,152.199.21.141,10.0.2.15,443,36402,TCP,...A..S.,0,0,1,46,0,0,0,0,0,0,0,0,0,0,0.0.0.0,0.0.0.0,0,0,00:00:00:00:00:00,00:00:00:00:00:00,00:00:00:00:00:00,00:00:00:00:00:00,0-0-0,0-0-0,0-0-0,0-0-0,0-0-0,0-0-0,0-0-0,0-0-0,0-0-0,0-0-0,0,0,0,127.0.0.1,0/0,1,35:01.1,Twitter,Edge/CDN,
16/10/2022 21:32,16/10/2022 21:32,0.271,10.0.2.15,151.101.65.16,35282,443,TCP,...APRSF,0,0,12,1292,0,0,0,0,0,0,0,0,0,0,0.0.0.0,0.0.0.0,0,0,00:00:00:00:00:00,00:00:00:00:00:00,00:00:00:00:00:00,00:00:00:00:00:00,0-0-0,0-0-0,0-0-0,0-0-0,0-0-0,0-0-0,0-0-0,0-0-0,0-0-0,0-0-0,0,0,0,127.0.0.1,0/0,1,35:01.1,Twitter,Edge/CDN,
16/10/2022 21:32,16/10/2022 21:32,0.271,151.101.65.16,10.0.2.15,443,35282,TCP,...APRSF,0,0,12,6184,0,0,0,0,0,0,0,0,0,0,0.0.0.0,0.0.0.0,0,0,00:00:00:00:00:00,00:00:00:00:00:00,00:00:00:00:00:00,00:00:00:00:00:00,0-0-0,0-0-0,0-0-0,0-0-0,0-0-0,0-0-0,0-0-0,0-0-0,0-0-0,0-0-0,0,0,0,127.0.0.1,0/0,1,35:01.1,Twitter,Edge/CDN,
16/10/2022 21:32,16/10/2022 21:32,0.353,10.0.2.15,151.101.65.16,35260,443,TCP,...APRSF,0,0,12,1292,0,0,0,0,0,0,0,0,0,0,0.0.0.0,0.0.0.0,0,0,00:00:00:00:00:00,00:00:00:00:00:00,00:00:00:00:00:00,00:00:00:00:00:00,0-0-0,0-0-0,0-0-0,0-0-0,0-0-0,0-0-0,0-0-0,0-0-0,0-0-0,0-0-0,0,0,0,127.0.0.1,0/0,1,35:01.1,Twitter,Edge/CDN,
16/10/2022 21:32,16/10/2022 21:32,0.353,151.101.65.16,10.0.2.15,443,35260,TCP,...APRSF,0,0,12,6184,0,0,0,0,0,0,0,0,0,0,0.0.0.0,0.0.0.0,0,0,00:00:00:00:00:00,00:00:00:00:00:00,00:00:00:00:00:00,00:00:00:00:00:00,0-0-0,0-0-0,0-0-0,0-0-0,0-0-0,0-0-0,0-0-0,0-0-0,0-0-0,0-0-0,0,0,0,127.0.0.1,0/0,1,35:01.1,Twitter,Edge/CDN,
16/10/2022 21:32,16/10/2022 21:32,0.349,10.0.2.15,151.101.65.16,35278,443,TCP,...APRSF,0,0,10,1212,0,0,0,0,0,0,0,0,0,0,0.0.0.0,0.0.0.0,0,0,00:00:00:00:00:00,00:00:00:00:00:00,00:00:00:00:00:00,00:00:00:00:00:00,0-0-0,0-0-0,0-0-0,0-0-0,0-0-0,0-0-0,0-0-0,0-0-0,0-0-0,0-0-0,0,0,0,127.0.0.1,0/0,1,35:01.1,Twitter,Edge/CDN,
16/10/2022 21:32,16/10/2022 21:32,0.349,151.101.65.16,10.0.2.15,443,35278,TCP,...AP.S.,0,0,9,6028,0,0,0,0,0,0,0,0,0,0,0.0.0.0,0.0.0.0,0,0,00:00:00:00:00:00,00:00:00:00:00:00,00:00:00:00:00:00,00:00:00:00:00:00,0-0-0,0-0-0,0-0-0,0-0-0,0-0-0,0-0-0,0-0-0,0-0-0,0-0-0,0-0-0,0,0,0,127.0.0.1,0/0,1,35:01.1,Twitter,Edge/CDN,
16/10/2022 21:32,16/10/2022 21:32,0.297,10.0.2.15,151.101.129.16,42624,443,TCP,...APRSF,0,0,10,1212,0,0,0,0,0,0,0,0,0,0,0.0.0.0,0.0.0.0,0,0,00:00:00:00:00:00,00:00:00:00:00:00,00:00:00:00:00:00,00:00:00:00:00:00,0-0-0,0-0-0,0-0-0,0-0-0,0-0-0,0-0-0,0-0-0,0-0-0,0-0-0,0-0-0,0,0,0,127.0.0.1,0/0,1,35:01.1,Twitter,Edge/CDN,
16/10/2022 21:32,16/10/2022 21:32,0.297,151.101.129.16,10.0.2.15,443,42624,TCP,...AP.S.,0,0,9,6012,0,0,0,0,0,0,0,0,0,0,0.0.0.0,0.0.0.0,0,0,00:00:00:00:00:00,00:00:00:00:00:00,00:00:00:00:00:00,00:00:00:00:00:00,0-0-0,0-0-0,0-0-0,0-0-0,0-0-0,0-0-0,0-0-0,0-0-0,0-0-0,0-0-0,0,0,0,127.0.0.1,0/0,1,35:01.1,Twitter,Edge/CDN,
16/10/2022 21:32,16/10/2022 21:32,0.236,10.0.2.15,151.101.129.16,42636,443,TCP,...APRSF,0,0,10,1212,0,0,0,0,0,0,0,0,0,0,0.0.0.0,0.0.0.0,0,0,00:00:00:00:00:00,00:00:00:00:00:00,00:00:00:00:00:00,00:00:00:00:00:00,0-0-0,0-0-0,0-0-0,0-0-0,0-0-0,0-0-0,0-0-0,0-0-0,0-0-0,0-0-0,0,0,0,127.0.0.1,0/0,1,35:01.1,Twitter,Edge/CDN,
16/10/2022 21:32,16/10/2022 21:32,0.236,151.101.129.16,10.0.2.15,443,42636,TCP,...AP.S.,0,0,9,6012,0,0,0,0,0,0,0,0,0,0,0.0.0.0,0.0.0.0,0,0,00:00:00:00:00:00,00:00:00:00:00:00,00:00:00:00:00:00,00:00:00:00:00:00,0-0-0,0-0-0,0-0-0,0-0-0,0-0-0,0-0-0,0-0-0,0-0-0,0-0-0,0-0-0,0,0,0,127.0.0.1,0/0,1,35:01.1,Twitter,Edge/CDN,
16/10/2022 21:32,16/10/2022 21:32,0.236,10.0.2.15,151.101.65.16,35292,443,TCP,...APRSF,0,0,10,1212,0,0,0,0,0,0,0,0,0,0,0.0.0.0,0.0.0.0,0,0,00:00:00:00:00:00,00:00:00:00:00:00,00:00:00:00:00:00,00:00:00:00:00:00,0-0-0,0-0-0,0-0-0,0-0-0,0-0-0,0-0-0,0-0-0,0-0-0,0-0-0,0-0-0,0,0,0,127.0.0.1,0/0,1,35:01.1,Twitter,Edge/CDN,
16/10/2022 21:32,16/10/2022 21:32,0.236,151.101.65.16,10.0.2.15,443,35292,TCP,...AP.S.,0,0,9,6028,0,0,0,0,0,0,0,0,0,0,0.0.0.0,0.0.0.0,0,0,00:00:00:00:00:00,00:00:00:00:00:00,00:00:00:00:00:00,00:00:00:00:00:00,0-0-0,0-0-0,0-0-0,0-0-0,0-0-0,0-0-0,0-0-0,0-0-0,0-0-0,0-0-0,0,0,0,127.0.0.1,0/0,1,35:01.1,Twitter,Edge/CDN,
16/10/2022 21:32,16/10/2022 21:32,0.239,10.0.2.15,151.101.65.16,35300,443,TCP,...APRSF,0,0,11,1252,0,0,0,0,0,0,0,0,0,0,0.0.0.0,0.0.0.0,0,0,00:00:00:00:00:00,00:00:00:00:00:00,00:00:00:00:00:00,00:00:00:00:00:00,0-0-0,0-0-0,0-0-0,0-0-0,0-0-0,0-0-0,0-0-0,0-0-0,0-0-0,0-0-0,0,0,0,127.0.0.1,0/0,1,35:01.1,Twitter,Edge/CDN,
16/10/2022 21:32,16/10/2022 21:32,0.239,151.101.65.16,10.0.2.15,443,35300,TCP,...APRSF,0,0,11,6085,0,0,0,0,0,0,0,0,0,0,0.0.0.0,0.0.0.0,0,0,00:00:00:00:00:00,00:00:00:00:00:00,00:00:00:00:00:00,00:00:00:00:00:00,0-0-0,0-0-0,0-0-0,0-0-0,0-0-0,0-0-0,0-0-0,0-0-0,0-0-0,0-0-0,0,0,0,127.0.0.1,0/0,1,35:01.1,Twitter,Edge/CDN,
16/10/2022 21:32,16/10/2022 21:32,0.44,10.0.2.15,151.101.1.140,41838,443,TCP,...APRSF,0,0,12,1292,0,0,0,0,0,0,0,0,0,0,0.0.0.0,0.0.0.0,0,0,00:00:00:00:00:00,00:00:00:00:00:00,00:00:00:00:00:00,00:00:00:00:00:00,0-0-0,0-0-0,0-0-0,0-0-0,0-0-0,0-0-0,0-0-0,0-0-0,0-0-0,0-0-0,0,0,0,127.0.0.1,0/0,1,35:01.1,Twitter,Edge/CDN,
16/10/2022 21:32,16/10/2022 21:32,0.44,151.101.1.140,10.0.2.15,443,41838,TCP,...APRSF,0,0,12,4776,0,0,0,0,0,0,0,0,0,0,0.0.0.0,0.0.0.0,0,0,00:00:00:00:00:00,00:00:00:00:00:00,00:00:00:00:00:00,00:00:00:00:00:00,0-0-0,0-0-0,0-0-0,0-0-0,0-0-0,0-0-0,0-0-0,0-0-0,0-0-0,0-0-0,0,0,0,127.0.0.1,0/0,1,35:01.1,Twitter,Edge/CDN,
16/10/2022 21:32,16/10/2022 21:32,0.194,10.0.2.15,151.101.129.140,45540,443,TCP,...APRSF,0,0,10,1212,0,0,0,0,0,0,0,0,0,0,0.0.0.0,0.0.0.0,0,0,00:00:00:00:00:00,00:00:00:00:00:00,00:00:00:00:00:00,00:00:00:00:00:00,0-0-0,0-0-0,0-0-0,0-0-0,0-0-0,0-0-0,0-0-0,0-0-0,0-0-0,0-0-0,0,0,0,127.0.0.1,0/0,1,35:01.1,Twitter,Edge/CDN,
16/10/2022 21:32,16/10/2022 21:32,0.194,151.101.129.140,10.0.2.15,443,45540,TCP,...AP.S.,0,0,9,4638,0,0,0,0,0,0,0,0,0,0,0.0.0.0,0.0.0.0,0,0,00:00:00:00:00:00,00:00:00:00:00:00,00:00:00:00:00:00,00:00:00:00:00:00,0-0-0,0-0-0,0-0-0,0-0-0,0-0-0,0-0-0,0-0-0,0-0-0,0-0-0,0-0-0,0,0,0,127.0.0.1,0/0,1,35:01.1,Twitter,Edge/CDN,
16/10/2022 21:32,16/10/2022 21:32,0.181,10.0.2.15,151.101.129.140,45546,443,TCP,...APRSF,0,0,10,1212,0,0,0,0,0,0,0,0,0,0,0.0.0.0,0.0.0.0,0,0,00:00:00:00:00:00,00:00:00:00:00:00,00:00:00:00:00:00,00:00:00:00:00:00,0-0-0,0-0-0,0-0-0,0-0-0,0-0-0,0-0-0,0-0-0,0-0-0,0-0-0,0-0-0,0,0,0,127.0.0.1,0/0,1,35:01.1,Twitter,Edge/CDN,
16/10/2022 21:32,16/10/2022 21:32,0.181,151.101.129.140,10.0.2.15,443,45546,TCP,...AP.S.,0,0,9,4603,0,0,0,0,0,0,0,0,0,0,0.0.0.0,0.0.0.0,0,0,00:00:00:00:00:00,00:00:00:00:00:00,00:00:00:00:00:00,00:00:00:00:00:00,0-0-0,0-0-0,0-0-0,0-0-0,0-0-0,0-0-0,0-0-0,0-0-0,0-0-0,0-0-0,0,0,0,127.0.0.1,0/0,1,35:01.1,Twitter,Edge/CDN,
16/10/2022 21:32,16/10/2022 21:32,0.165,10.0.2.15,151.101.129.140,45556,443,TCP,...APRSF,0,0,10,1212,0,0,0,0,0,0,0,0,0,0,0.0.0.0,0.0.0.0,0,0,00:00:00:00:00:00,00:00:00:00:00:00,00:00:00:00:00:00,00:00:00:00:00:00,0-0-0,0-0-0,0-0-0,0-0-0,0-0-0,0-0-0,0-0-0,0-0-0,0-0-0,0-0-0,0,0,0,127.0.0.1,0/0,1,35:01.1,Twitter,Edge/CDN,
16/10/2022 21:32,16/10/2022 21:32,0.165,151.101.129.140,10.0.2.15,443,45556,TCP,...AP.S.,0,0,9,4638,0,0,0,0,0,0,0,0,0,0,0.0.0.0,0.0.0.0,0,0,00:00:00:00:00:00,00:00:00:00:00:00,00:00:00:00:00:00,00:00:00:00:00:00,0-0-0,0-0-0,0-0-0,0-0-0,0-0-0,0-0-0,0-0-0,0-0-0,0-0-0,0-0-0,0,0,0,127.0.0.1,0/0,1,35:01.1,Twitter,Edge/CDN,
16/10/2022 21:32,16/10/2022 21:32,0.191,10.0.2.15,151.101.129.140,45570,443,TCP,...APRSF,0,0,10,1212,0,0,0,0,0,0,0,0,0,0,0.0.0.0,0.0.0.0,0,0,00:00:00:00:00:00,00:00:00:00:00:00,00:00:00:00:00:00,00:00:00:00:00:00,0-0-0,0-0-0,0-0-0,0-0-0,0-0-0,0-0-0,0-0-0,0-0-0,0-0-0,0-0-0,0,0,0,127.0.0.1,0/0,1,35:01.1,Twitter,Edge/CDN,
16/10/2022 21:32,16/10/2022 21:32,0.191,151.101.129.140,10.0.2.15,443,45570,TCP,...AP.S.,0,0,9,4638,0,0,0,0,0,0,0,0,0,0,0.0.0.0,0.0.0.0,0,0,00:00:00:00:00:00,00:00:00:00:00:00,00:00:00:00:00:00,00:00:00:00:00:00,0-0-0,0-0-0,0-0-0,0-0-0,0-0-0,0-0-0,0-0-0,0-0-0,0-0-0,0-0-0,0,0,0,127.0.0.1,0/0,1,35:01.1,Twitter,Edge/CDN,
16/10/2022 21:32,16/10/2022 21:32,0.189,10.0.2.15,151.101.129.140,45580,443,TCP,...APRSF,0,0,10,1212,0,0,0,0,0,0,0,0,0,0,0.0.0.0,0.0.0.0,0,0,00:00:00:00:00:00,00:00:00:00:00:00,00:00:00:00:00:00,00:00:00:00:00:00,0-0-0,0-0-0,0-0-0,0-0-0,0-0-0,0-0-0,0-0-0,0-0-0,0-0-0,0-0-0,0,0,0,127.0.0.1,0/0,1,35:01.1,Twitter,Edge/CDN,
16/10/2022 21:32,16/10/2022 21:32,0.189,151.101.129.140,10.0.2.15,443,45580,TCP,...AP.S.,0,0,9,4638,0,0,0,0,0,0,0,0,0,0,0.0.0.0,0.0.0.0,0,0,00:00:00:00:00:00,00:00:00:00:00:00,00:00:00:00:00:00,00:00:00:00:00:00,0-0-0,0-0-0,0-0-0,0-0-0,0-0-0,0-0-0,0-0-0,0-0-0,0-0-0,0-0-0,0,0,0,127.0.0.1,0/0,1,35:01.1,Twitter,Edge/CDN,
16/10/2022 21:32,16/10/2022 21:32,0.321,10.0.2.15,151.101.65.140,34912,443,TCP,...APRSF,0,0,11,1252,0,0,0,0,0,0,0,0,0,0,0.0.0.0,0.0.0.0,0,0,00:00:00:00:00:00,00:00:00:00:00:00,00:00:00:00:00:00,00:00:00:00:00:00,0-0-0,0-0-0,0-0-0,0-0-0,0-0-0,0-0-0,0-0-0,0-0-0,0-0-0,0-0-0,0,0,0,127.0.0.1,0/0,1,35:01.1,Twitter,Edge/CDN,
16/10/2022 21:32,16/10/2022 21:32,0.321,151.101.65.140,10.0.2.15,443,34912,TCP,...APRSF,0,0,11,4683,0,0,0,0,0,0,0,0,0,0,0.0.0.0,0.0.0.0,0,0,00:00:00:00:00:00,00:00:00:00:00:00,00:00:00:00:00:00,00:00:00:00:00:00,0-0-0,0-0-0,0-0-0,0-0-0,0-0-0,0-0-0,0-0-0,0-0-0,0-0-0,0-0-0,0,0,0,127.0.0.1,0/0,1,35:01.1,Twitter,Edge/CDN,
16/10/2022 21:32,16/10/2022 21:32,0.289,10.0.2.15,151.101.193.140,44896,443,TCP,...APRSF,0,0,12,1292,0,0,0,0,0,0,0,0,0,0,0.0.0.0,0.0.0.0,0,0,00:00:00:00:00:00,00:00:00:00:00:00,00:00:00:00:00:00,00:00:00:00:00:00,0-0-0,0-0-0,0-0-0,0-0-0,0-0-0,0-0-0,0-0-0,0-0-0,0-0-0,0-0-0,0,0,0,127.0.0.1,0/0,1,35:01.1,Twitter,Edge/CDN,
16/10/2022 21:32,16/10/2022 21:32,0.289,151.101.193.140,10.0.2.15,443,44896,TCP,...APRSF,0,0,12,4782,0,0,0,0,0,0,0,0,0,0,0.0.0.0,0.0.0.0,0,0,00:00:00:00:00:00,00:00:00:00:00:00,00:00:00:00:00:00,00:00:00:00:00:00,0-0-0,0-0-0,0-0-0,0-0-0,0-0-0,0-0-0,0-0-0,0-0-0,0-0-0,0-0-0,0,0,0,127.0.0.1,0/0,1,35:01.1,Twitter,Edge/CDN,
16/10/2022 21:32,16/10/2022 21:32,0.181,10.0.2.15,151.101.1.140,41842,443,TCP,...APRSF,0,0,11,1252,0,0,0,0,0,0,0,0,0,0,0.0.0.0,0.0.0.0,0,0,00:00:00:00:00:00,00:00:00:00:00:00,00:00:00:00:00:00,00:00:00:00:00:00,0-0-0,0-0-0,0-0-0,0-0-0,0-0-0,0-0-0,0-0-0,0-0-0,0-0-0,0-0-0,0,0,0,127.0.0.1,0/0,1,35:01.1,Twitter,Edge/CDN,
16/10/2022 21:32,16/10/2022 21:32,0.181,151.101.1.140,10.0.2.15,443,41842,TCP,...APRSF,0,0,11,4765,0,0,0,0,0,0,0,0,0,0,0.0.0.0,0.0.0.0,0,0,00:00:00:00:00:00,00:00:00:00:00:00,00:00:00:00:00:00,00:00:00:00:00:00,0-0-0,0-0-0,0-0-0,0-0-0,0-0-0,0-0-0,0-0-0,0-0-0,0-0-0,0-0-0,0,0,0,127.0.0.1,0/0,1,35:01.1,Twitter,Edge/CDN,
16/10/2022 21:32,16/10/2022 21:32,0.116,10.0.2.15,151.101.129.140,58328,443,TCP,...APRSF,0,0,11,1252,0,0,0,0,0,0,0,0,0,0,0.0.0.0,0.0.0.0,0,0,00:00:00:00:00:00,00:00:00:00:00:00,00:00:00:00:00:00,00:00:00:00:00:00,0-0-0,0-0-0,0-0-0,0-0-0,0-0-0,0-0-0,0-0-0,0-0-0,0-0-0,0-0-0,0,0,0,127.0.0.1,0/0,1,35:01.1,Twitter,Edge/CDN,
16/10/2022 21:32,16/10/2022 21:32,0.116,151.101.129.140,10.0.2.15,443,58328,TCP,...APRSF,0,0,11,4736,0,0,0,0,0,0,0,0,0,0,0.0.0.0,0.0.0.0,0,0,00:00:00:00:00:00,00:00:00:00:00:00,00:00:00:00:00:00,00:00:00:00:00:00,0-0-0,0-0-0,0-0-0,0-0-0,0-0-0,0-0-0,0-0-0,0-0-0,0-0-0,0-0-0,0,0,0,127.0.0.1,0/0,1,35:01.1,Twitter,Edge/CDN,
16/10/2022 21:32,16/10/2022 21:32,0.165,10.0.2.15,151.101.129.140,58338,443,TCP,...APRSF,0,0,10,1212,0,0,0,0,0,0,0,0,0,0,0.0.0.0,0.0.0.0,0,0,00:00:00:00:00:00,00:00:00:00:00:00,00:00:00:00:00:00,00:00:00:00:00:00,0-0-0,0-0-0,0-0-0,0-0-0,0-0-0,0-0-0,0-0-0,0-0-0,0-0-0,0-0-0,0,0,0,127.0.0.1,0/0,1,35:01.1,Twitter,Edge/CDN,
16/10/2022 21:32,16/10/2022 21:32,0.165,151.101.129.140,10.0.2.15,443,58338,TCP,...AP.S.,0,0,9,4644,0,0,0,0,0,0,0,0,0,0,0.0.0.0,0.0.0.0,0,0,00:00:00:00:00:00,00:00:00:00:00:00,00:00:00:00:00:00,00:00:00:00:00:00,0-0-0,0-0-0,0-0-0,0-0-0,0-0-0,0-0-0,0-0-0,0-0-0,0-0-0,0-0-0,0,0,0,127.0.0.1,0/0,1,35:01.1,Twitter,Edge/CDN,
16/10/2022 21:33,16/10/2022 21:33,0.069,10.0.2.15,151.101.129.140,58340,443,TCP,...APRSF,0,0,10,1212,0,0,0,0,0,0,0,0,0,0,0.0.0.0,0.0.0.0,0,0,00:00:00:00:00:00,00:00:00:00:00:00,00:00:00:00:00:00,00:00:00:00:00:00,0-0-0,0-0-0,0-0-0,0-0-0,0-0-0,0-0-0,0-0-0,0-0-0,0-0-0,0-0-0,0,0,0,127.0.0.1,0/0,1,35:01.1,Twitter,Edge/CDN,
16/10/2022 21:33,16/10/2022 21:33,0.069,151.101.129.140,10.0.2.15,443,58340,TCP,...AP.S.,0,0,9,4649,0,0,0,0,0,0,0,0,0,0,0.0.0.0,0.0.0.0,0,0,00:00:00:00:00:00,00:00:00:00:00:00,00:00:00:00:00:00,00:00:00:00:00:00,0-0-0,0-0-0,0-0-0,0-0-0,0-0-0,0-0-0,0-0-0,0-0-0,0-0-0,0-0-0,0,0,0,127.0.0.1,0/0,1,35:01.1,Twitter,Edge/CDN,
16/10/2022 21:33,16/10/2022 21:33,0.15,10.0.2.15,151.101.1.140,54790,443,TCP,...APRSF,0,0,10,1212,0,0,0,0,0,0,0,0,0,0,0.0.0.0,0.0.0.0,0,0,00:00:00:00:00:00,00:00:00:00:00:00,00:00:00:00:00:00,00:00:00:00:00:00,0-0-0,0-0-0,0-0-0,0-0-0,0-0-0,0-0-0,0-0-0,0-0-0,0-0-0,0-0-0,0,0,0,127.0.0.1,0/0,1,36:01.1,Twitter,Edge/CDN,
16/10/2022 21:33,16/10/2022 21:33,0.15,151.101.1.140,10.0.2.15,443,54790,TCP,...AP.S.,0,0,9,4636,0,0,0,0,0,0,0,0,0,0,0.0.0.0,0.0.0.0,0,0,00:00:00:00:00:00,00:00:00:00:00:00,00:00:00:00:00:00,00:00:00:00:00:00,0-0-0,0-0-0,0-0-0,0-0-0,0-0-0,0-0-0,0-0-0,0-0-0,0-0-0,0-0-0,0,0,0,127.0.0.1,0/0,1,36:01.1,Twitter,Edge/CDN,
16/10/2022 21:33,16/10/2022 21:33,0.136,10.0.2.15,151.101.1.140,54804,443,TCP,...APRSF,0,0,10,1212,0,0,0,0,0,0,0,0,0,0,0.0.0.0,0.0.0.0,0,0,00:00:00:00:00:00,00:00:00:00:00:00,00:00:00:00:00:00,00:00:00:00:00:00,0-0-0,0-0-0,0-0-0,0-0-0,0-0-0,0-0-0,0-0-0,0-0-0,0-0-0,0-0-0,0,0,0,127.0.0.1,0/0,1,36:01.1,Twitter,Edge/CDN,
16/10/2022 21:33,16/10/2022 21:33,0.136,151.101.1.140,10.0.2.15,443,54804,TCP,...AP.S.,0,0,9,4636,0,0,0,0,0,0,0,0,0,0,0.0.0.0,0.0.0.0,0,0,00:00:00:00:00:00,00:00:00:00:00:00,00:00:00:00:00:00,00:00:00:00:00:00,0-0-0,0-0-0,0-0-0,0-0-0,0-0-0,0-0-0,0-0-0,0-0-0,0-0-0,0-0-0,0,0,0,127.0.0.1,0/0,1,36:01.1,Twitter,Edge/CDN,
16/10/2022 21:33,16/10/2022 21:33,0.15,10.0.2.15,151.101.1.140,54808,443,TCP,...APRSF,0,0,10,1212,0,0,0,0,0,0,0,0,0,0,0.0.0.0,0.0.0.0,0,0,00:00:00:00:00:00,00:00:00:00:00:00,00:00:00:00:00:00,00:00:00:00:00:00,0-0-0,0-0-0,0-0-0,0-0-0,0-0-0,0-0-0,0-0-0,0-0-0,0-0-0,0-0-0,0,0,0,127.0.0.1,0/0,1,36:01.1,Twitter,Edge/CDN,
16/10/2022 21:33,16/10/2022 21:33,0.15,151.101.1.140,10.0.2.15,443,54808,TCP,...AP.S.,0,0,9,4670,0,0,0,0,0,0,0,0,0,0,0.0.0.0,0.0.0.0,0,0,00:00:00:00:00:00,00:00:00:00:00:00,00:00:00:00:00:00,00:00:00:00:00:00,0-0-0,0-0-0,0-0-0,0-0-0,0-0-0,0-0-0,0-0-0,0-0-0,0-0-0,0-0-0,0,0,0,127.0.0.1,0/0,1,36:01.1,Twitter,Edge/CDN,
16/10/2022 21:33,16/10/2022 21:33,0.139,10.0.2.15,151.101.193.140,60850,443,TCP,...APRSF,0,0,10,1212,0,0,0,0,0,0,0,0,0,0,0.0.0.0,0.0.0.0,0,0,00:00:00:00:00:00,00:00:00:00:00:00,00:00:00:00:00:00,00:00:00:00:00:00,0-0-0,0-0-0,0-0-0,0-0-0,0-0-0,0-0-0,0-0-0,0-0-0,0-0-0,0-0-0,0,0,0,127.0.0.1,0/0,1,36:01.1,Twitter,Edge/CDN,
16/10/2022 21:33,16/10/2022 21:33,0.139,151.101.193.140,10.0.2.15,443,60850,TCP,...AP.S.,0,0,9,4670,0,0,0,0,0,0,0,0,0,0,0.0.0.0,0.0.0.0,0,0,00:00:00:00:00:00,00:00:00:00:00:00,00:00:00:00:00:00,00:00:00:00:00:00,0-0-0,0-0-0,0-0-0,0-0-0,0-0-0,0-0-0,0-0-0,0-0-0,0-0-0,0-0-0,0,0,0,127.0.0.1,0/0,1,36:01.1,Twitter,Edge/CDN,
16/10/2022 21:33,16/10/2022 21:33,0.168,10.0.2.15,151.101.65.140,35910,443,TCP,...APRSF,0,0,11,1252,0,0,0,0,0,0,0,0,0,0,0.0.0.0,0.0.0.0,0,0,00:00:00:00:00:00,00:00:00:00:00:00,00:00:00:00:00:00,00:00:00:00:00:00,0-0-0,0-0-0,0-0-0,0-0-0,0-0-0,0-0-0,0-0-0,0-0-0,0-0-0,0-0-0,0,0,0,127.0.0.1,0/0,1,36:01.1,Twitter,Edge/CDN,
16/10/2022 21:33,16/10/2022 21:33,0.168,151.101.65.140,10.0.2.15,443,35910,TCP,...APRSF,0,0,11,4677,0,0,0,0,0,0,0,0,0,0,0.0.0.0,0.0.0.0,0,0,00:00:00:00:00:00,00:00:00:00:00:00,00:00:00:00:00:00,00:00:00:00:00:00,0-0-0,0-0-0,0-0-0,0-0-0,0-0-0,0-0-0,0-0-0,0-0-0,0-0-0,0-0-0,0,0,0,127.0.0.1,0/0,1,36:01.1,Twitter,Edge/CDN,
16/10/2022 21:33,16/10/2022 21:33,0.187,10.0.2.15,151.101.65.140,35922,443,TCP,...APRSF,0,0,11,1252,0,0,0,0,0,0,0,0,0,0,0.0.0.0,0.0.0.0,0,0,00:00:00:00:00:00,00:00:00:00:00:00,00:00:00:00:00:00,00:00:00:00:00:00,0-0-0,0-0-0,0-0-0,0-0-0,0-0-0,0-0-0,0-0-0,0-0-0,0-0-0,0-0-0,0,0,0,127.0.0.1,0/0,1,36:01.1,Twitter,Edge/CDN,
16/10/2022 21:33,16/10/2022 21:33,0.187,151.101.65.140,10.0.2.15,443,35922,TCP,...AP.S.,0,0,10,4684,0,0,0,0,0,0,0,0,0,0,0.0.0.0,0.0.0.0,0,0,00:00:00:00:00:00,00:00:00:00:00:00,00:00:00:00:00:00,00:00:00:00:00:00,0-0-0,0-0-0,0-0-0,0-0-0,0-0-0,0-0-0,0-0-0,0-0-0,0-0-0,0-0-0,0,0,0,127.0.0.1,0/0,1,36:01.1,Twitter,Edge/CDN,
16/10/2022 21:33,16/10/2022 21:33,0.066,10.0.2.15,151.101.1.140,54058,443,TCP,...APRSF,0,0,10,1212,0,0,0,0,0,0,0,0,0,0,0.0.0.0,0.0.0.0,0,0,00:00:00:00:00:00,00:00:00:00:00:00,00:00:00:00:00:00,00:00:00:00:00:00,0-0-0,0-0-0,0-0-0,0-0-0,0-0-0,0-0-0,0-0-0,0-0-0,0-0-0,0-0-0,0,0,0,127.0.0.1,0/0,1,36:01.1,Twitter,Edge/CDN,
16/10/2022 21:33,16/10/2022 21:33,0.066,151.101.1.140,10.0.2.15,443,54058,TCP,...AP.S.,0,0,9,4610,0,0,0,0,0,0,0,0,0,0,0.0.0.0,0.0.0.0,0,0,00:00:00:00:00:00,00:00:00:00:00:00,00:00:00:00:00:00,00:00:00:00:00:00,0-0-0,0-0-0,0-0-0,0-0-0,0-0-0,0-0-0,0-0-0,0-0-0,0-0-0,0-0-0,0,0,0,127.0.0.1,0/0,1,36:01.1,Twitter,Edge/CDN,
16/10/2022 21:32,16/10/2022 21:33,58.944,10.0.2.15,104.244.42.129,58312,443,TCP,...APRSF,0,0,43,4405,0,0,0,0,0,0,0,0,0,0,0.0.0.0,0.0.0.0,0,0,00:00:00:00:00:00,00:00:00:00:00:00,00:00:00:00:00:00,00:00:00:00:00:00,0-0-0,0-0-0,0-0-0,0-0-0,0-0-0,0-0-0,0-0-0,0-0-0,0-0-0,0-0-0,0,0,0,127.0.0.1,0/0,1,36:01.1,Twitter,Twitter,
16/10/2022 21:32,16/10/2022 21:33,58.944,104.244.42.129,10.0.2.15,443,58312,TCP,...APRSF,0,0,44,153095,0,0,0,0,0,0,0,0,0,0,0.0.0.0,0.0.0.0,0,0,00:00:00:00:00:00,00:00:00:00:00:00,00:00:00:00:00:00,00:00:00:00:00:00,0-0-0,0-0-0,0-0-0,0-0-0,0-0-0,0-0-0,0-0-0,0-0-0,0-0-0,0-0-0,0,0,0,127.0.0.1,0/0,1,36:01.1,,,
16/10/2022 21:32,16/10/2022 21:33,57.982,10.0.2.15,152.199.21.141,36382,443,TCP,...APRSF,0,0,416,34930,0,0,0,0,0,0,0,0,0,0,0.0.0.0,0.0.0.0,0,0,00:00:00:00:00:00,00:00:00:00:00:00,00:00:00:00:00:00,00:00:00:00:00:00,0-0-0,0-0-0,0-0-0,0-0-0,0-0-0,0-0-0,0-0-0,0-0-0,0-0-0,0-0-0,0,0,0,127.0.0.1,0/0,1,36:01.1,,,
16/10/2022 21:32,16/10/2022 21:33,57.982,152.199.21.141,10.0.2.15,443,36382,TCP,...APRSF,0,0,460,3752200,0,0,0,0,0,0,0,0,0,0,0.0.0.0,0.0.0.0,0,0,00:00:00:00:00:00,00:00:00:00:00:00,00:00:00:00:00:00,00:00:00:00:00:00,0-0-0,0-0-0,0-0-0,0-0-0,0-0-0,0-0-0,0-0-0,0-0-0,0-0-0,0-0-0,0,0,0,127.0.0.1,0/0,1,36:01.1,,,
16/10/2022 21:32,16/10/2022 21:33,57.291,10.0.2.15,152.199.21.141,36418,443,TCP,...APRSF,0,0,19,1942,0,0,0,0,0,0,0,0,0,0,0.0.0.0,0.0.0.0,0,0,00:00:00:00:00:00,00:00:00:00:00:00,00:00:00:00:00:00,00:00:00:00:00:00,0-0-0,0-0-0,0-0-0,0-0-0,0-0-0,0-0-0,0-0-0,0-0-0,0-0-0,0-0-0,0,0,0,127.0.0.1,0/0,1,36:01.1,,,
16/10/2022 21:32,16/10/2022 21:33,57.291,152.199.21.141,10.0.2.15,443,36418,TCP,...AP.S.,0,0,21,59704,0,0,0,0,0,0,0,0,0,0,0.0.0.0,0.0.0.0,0,0,00:00:00:00:00:00,00:00:00:00:00:00,00:00:00:00:00:00,00:00:00:00:00:00,0-0-0,0-0-0,0-0-0,0-0-0,0-0-0,0-0-0,0-0-0,0-0-0,0-0-0,0-0-0,0,0,0,127.0.0.1,0/0,1,36:01.1,,,
16/10/2022 21:32,16/10/2022 21:33,55.399,10.0.2.15,104.244.42.130,43456,443,TCP,...APRSF,0,0,36,9474,0,0,0,0,0,0,0,0,0,0,0.0.0.0,0.0.0.0,0,0,00:00:00:00:00:00,00:00:00:00:00:00,00:00:00:00:00:00,00:00:00:00:00:00,0-0-0,0-0-0,0-0-0,0-0-0,0-0-0,0-0-0,0-0-0,0-0-0,0-0-0,0-0-0,0,0,0,127.0.0.1,0/0,1,36:01.1,,,
16/10/2022 21:32,16/10/2022 21:33,55.399,104.244.42.130,10.0.2.15,443,43456,TCP,...APRSF,0,0,36,7039,0,0,0,0,0,0,0,0,0,0,0.0.0.0,0.0.0.0,0,0,00:00:00:00:00:00,00:00:00:00:00:00,00:00:00:00:00:00,00:00:00:00:00:00,0-0-0,0-0-0,0-0-0,0-0-0,0-0-0,0-0-0,0-0-0,0-0-0,0-0-0,0-0-0,0,0,0,127.0.0.1,0/0,1,36:01.1,,,
16/10/2022 21:32,16/10/2022 21:33,55.386,10.0.2.15,104.244.42.130,43470,443,TCP,...APRSF,0,0,19,2246,0,0,0,0,0,0,0,0,0,0,0.0.0.0,0.0.0.0,0,0,00:00:00:00:00:00,00:00:00:00:00:00,00:00:00:00:00:00,00:00:00:00:00:00,0-0-0,0-0-0,0-0-0,0-0-0,0-0-0,0-0-0,0-0-0,0-0-0,0-0-0,0-0-0,0,0,0,127.0.0.1,0/0,1,36:01.1,,,
16/10/2022 21:32,16/10/2022 21:33,55.386,104.244.42.130,10.0.2.15,443,43470,TCP,...APRSF,0,0,19,5797,0,0,0,0,0,0,0,0,0,0,0.0.0.0,0.0.0.0,0,0,00:00:00:00:00:00,00:00:00:00:00:00,00:00:00:00:00:00,00:00:00:00:00:00,0-0-0,0-0-0,0-0-0,0-0-0,0-0-0,0-0-0,0-0-0,0-0-0,0-0-0,0-0-0,0,0,0,127.0.0.1,0/0,1,36:01.1,,,
16/10/2022 21:32,16/10/2022 21:33,51.791,10.0.2.15,23.223.97.111,44950,443,TCP,...APRSF,0,0,20,1952,0,0,0,0,0,0,0,0,0,0,0.0.0.0,0.0.0.0,0,0,00:00:00:00:00:00,00:00:00:00:00:00,00:00:00:00:00:00,00:00:00:00:00:00,0-0-0,0-0-0,0-0-0,0-0-0,0-0-0,0-0-0,0-0-0,0-0-0,0-0-0,0-0-0,0,0,0,127.0.0.1,0/0,1,36:01.1,,,Akamai
16/10/2022 21:32,16/10/2022 21:33,51.791,23.223.97.111,10.0.2.15,443,44950,TCP,...AP.S.,0,0,19,24706,0,0,0,0,0,0,0,0,0,0,0.0.0.0,0.0.0.0,0,0,00:00:00:00:00:00,00:00:00:00:00:00,00:00:00:00:00:00,00:00:00:00:00:00,0-0-0,0-0-0,0-0-0,0-0-0,0-0-0,0-0-0,0-0-0,0-0-0,0-0-0,0-0-0,0,0,0,127.0.0.1,0/0,1,36:01.1,,,
16/10/2022 21:32,16/10/2022 21:33,37.79,10.0.2.15,162.219.224.115,52396,443,TCP,...APRSF,0,0,62,8593,0,0,0,0,0,0,0,0,0,0,0.0.0.0,0.0.0.0,0,0,00:00:00:00:00:00,00:00:00:00:00:00,00:00:00:00:00:00,00:00:00:00:00:00,0-0-0,0-0-0,0-0-0,0-0-0,0-0-0,0-0-0,0-0-0,0-0-0,0-0-0,0-0-0,0,0,0,127.0.0.1,0/0,1,36:01.1,,,
16/10/2022 21:32,16/10/2022 21:33,37.79,162.219.224.115,10.0.2.15,443,52396,TCP,...APRSF,0,0,64,150874,0,0,0,0,0,0,0,0,0,0,0.0.0.0,0.0.0.0,0,0,00:00:00:00:00:00,00:00:00:00:00:00,00:00:00:00:00:00,00:00:00:00:00:00,0-0-0,0-0-0,0-0-0,0-0-0,0-0-0,0-0-0,0-0-0,0-0-0,0-0-0,0-0-0,0,0,0,127.0.0.1,0/0,1,36:01.1,,,
16/10/2022 21:32,16/10/2022 21:33,37.388,10.0.2.15,151.101.65.16,35262,443,TCP,...APRSF,0,0,451,41363,0,0,0,0,0,0,0,0,0,0,0.0.0.0,0.0.0.0,0,0,00:00:00:00:00:00,00:00:00:00:00:00,00:00:00:00:00:00,00:00:00:00:00:00,0-0-0,0-0-0,0-0-0,0-0-0,0-0-0,0-0-0,0-0-0,0-0-0,0-0-0,0-0-0,0,0,0,127.0.0.1,0/0,1,36:01.1,,,
16/10/2022 21:32,16/10/2022 21:33,37.388,151.101.65.16,10.0.2.15,443,35262,TCP,...APRSF,0,0,512,4535559,0,0,0,0,0,0,0,0,0,0,0.0.0.0,0.0.0.0,0,0,00:00:00:00:00:00,00:00:00:00:00:00,00:00:00:00:00:00,00:00:00:00:00:00,0-0-0,0-0-0,0-0-0,0-0-0,0-0-0,0-0-0,0-0-0,0-0-0,0-0-0,0-0-0,0,0,0,127.0.0.1,0/0,1,36:01.1,,,
16/10/2022 21:32,16/10/2022 21:33,25.093,10.0.2.15,151.101.65.140,34900,443,TCP,...APRSF,0,0,134,18151,0,0,0,0,0,0,0,0,0,0,0.0.0.0,0.0.0.0,0,0,00:00:00:00:00:00,00:00:00:00:00:00,00:00:00:00:00:00,00:00:00:00:00:00,0-0-0,0-0-0,0-0-0,0-0-0,0-0-0,0-0-0,0-0-0,0-0-0,0-0-0,0-0-0,0,0,0,127.0.0.1,0/0,1,36:01.1,,,
16/10/2022 21:32,16/10/2022 21:33,25.093,151.101.65.140,10.0.2.15,443,34900,TCP,...AP.S.,0,0,135,829832,0,0,0,0,0,0,0,0,0,0,0.0.0.0,0.0.0.0,0,0,00:00:00:00:00:00,00:00:00:00:00:00,00:00:00:00:00:00,00:00:00:00:00:00,0-0-0,0-0-0,0-0-0,0-0-0,0-0-0,0-0-0,0-0-0,0-0-0,0-0-0,0-0-0,0,0,0,127.0.0.1,0/0,1,36:01.1,,,
16/10/2022 21:32,16/10/2022 21:33,23.088,10.0.2.15,151.101.129.140,45594,443,TCP,...APRSF,0,0,290,22118,0,0,0,0,0,0,0,0,0,0,0.0.0.0,0.0.0.0,0,0,00:00:00:00:00:00,00:00:00:00:00:00,00:00:00:00:00:00,00:00:00:00:00:00,0-0-0,0-0-0,0-0-0,0-0-0,0-0-0,0-0-0,0-0-0,0-0-0,0-0-0,0-0-0,0,0,0,127.0.0.1,0/0,1,36:01.1,,,
16/10/2022 21:32,16/10/2022 21:33,23.088,151.101.129.140,10.0.2.15,443,45594,TCP,...AP.S.,0,0,310,2811641,0,0,0,0,0,0,0,0,0,0,0.0.0.0,0.0.0.0,0,0,00:00:00:00:00:00,00:00:00:00:00:00,00:00:00:00:00:00,00:00:00:00:00:00,0-0-0,0-0-0,0-0-0,0-0-0,0-0-0,0-0-0,0-0-0,0-0-0,0-0-0,0-0-0,0,0,0,127.0.0.1,0/0,1,36:01.1,,,
16/10/2022 21:32,16/10/2022 21:33,20.278,10.0.2.15,151.101.193.140,44888,443,TCP,...APRSF,0,0,169,10543,0,0,0,0,0,0,0,0,0,0,0.0.0.0,0.0.0.0,0,0,00:00:00:00:00:00,00:00:00:00:00:00,00:00:00:00:00:00,00:00:00:00:00:00,0-0-0,0-0-0,0-0-0,0-0-0,0-0-0,0-0-0,0-0-0,0-0-0,0-0-0,0-0-0,0,0,0,127.0.0.1,0/0,1,36:01.1,,,
16/10/2022 21:32,16/10/2022 21:33,20.278,151.101.193.140,10.0.2.15,443,44888,TCP,...AP.S.,0,0,182,2052477,0,0,0,0,0,0,0,0,0,0,0.0.0.0,0.0.0.0,0,0,00:00:00:00:00:00,00:00:00:00:00:00,00:00:00:00:00:00,00:00:00:00:00:00,0-0-0,0-0-0,0-0-0,0-0-0,0-0-0,0-0-0,0-0-0,0-0-0,0-0-0,0-0-0,0,0,0,127.0.0.1,0/0,1,36:01.1,,,
16/10/2022 21:32,16/10/2022 21:33,20.212,10.0.2.15,151.101.65.140,34928,443,TCP,...APRSF,0,0,110,8741,0,0,0,0,0,0,0,0,0,0,0.0.0.0,0.0.0.0,0,0,00:00:00:00:00:00,00:00:00:00:00:00,00:00:00:00:00:00,00:00:00:00:00:00,0-0-0,0-0-0,0-0-0,0-0-0,0-0-0,0-0-0,0-0-0,0-0-0,0-0-0,0-0-0,0,0,0,127.0.0.1,0/0,1,36:01.1,,,
16/10/2022 21:32,16/10/2022 21:33,20.212,151.101.65.140,10.0.2.15,443,34928,TCP,...AP.S.,0,0,115,918702,0,0,0,0,0,0,0,0,0,0,0.0.0.0,0.0.0.0,0,0,00:00:00:00:00:00,00:00:00:00:00:00,00:00:00:00:00:00,00:00:00:00:00:00,0-0-0,0-0-0,0-0-0,0-0-0,0-0-0,0-0-0,0-0-0,0-0-0,0-0-0,0-0-0,0,0,0,127.0.0.1,0/0,1,36:01.1,,,
16/10/2022 21:32,16/10/2022 21:33,11.378,10.0.2.15,151.101.129.140,58314,443,TCP,...APRSF,0,0,77,67667,0,0,0,0,0,0,0,0,0,0,0.0.0.0,0.0.0.0,0,0,00:00:00:00:00:00,00:00:00:00:00:00,00:00:00:00:00:00,00:00:00:00:00:00,0-0-0,0-0-0,0-0-0,0-0-0,0-0-0,0-0-0,0-0-0,0-0-0,0-0-0,0-0-0,0,0,0,127.0.0.1,0/0,1,36:01.1,,,
16/10/2022 21:32,16/10/2022 21:33,11.378,151.101.129.140,10.0.2.15,443,58314,TCP,...AP.S.,0,0,108,22011,0,0,0,0,0,0,0,0,0,0,0.0.0.0,0.0.0.0,0,0,00:00:00:00:00:00,00:00:00:00:00:00,00:00:00:00:00:00,00:00:00:00:00:00,0-0-0,0-0-0,0-0-0,0-0-0,0-0-0,0-0-0,0-0-0,0-0-0,0-0-0,0-0-0,0,0,0,127.0.0.1,0/0,1,36:01.1,,,
16/10/2022 21:33,16/10/2022 21:33,7.678,10.0.2.15,151.101.1.140,54806,443,TCP,...APRSF,0,0,50,3792,0,0,0,0,0,0,0,0,0,0,0.0.0.0,0.0.0.0,0,0,00:00:00:00:00:00,00:00:00:00:00:00,00:00:00:00:00:00,00:00:00:00:00:00,0-0-0,0-0-0,0-0-0,0-0-0,0-0-0,0-0-0,0-0-0,0-0-0,0-0-0,0-0-0,0,0,0,127.0.0.1,0/0,1,36:01.1,,,
16/10/2022 21:33,16/10/2022 21:33,7.678,151.101.1.140,10.0.2.15,443,54806,TCP,...AP.S.,0,0,52,328205,0,0,0,0,0,0,0,0,0,0,0.0.0.0,0.0.0.0,0,0,00:00:00:00:00:00,00:00:00:00:00:00,00:00:00:00:00:00,00:00:00:00:00:00,0-0-0,0-0-0,0-0-0,0-0-0,0-0-0,0-0-0,0-0-0,0-0-0,0-0-0,0-0-0,0,0,0,127.0.0.1,0/0,1,36:01.1,,,
16/10/2022 21:33,16/10/2022 21:33,0.181,10.0.2.15,54.149.28.179,50232,443,TCP,...APR.F,0,0,5,266,0,0,0,0,0,0,0,0,0,0,0.0.0.0,0.0.0.0,0,0,00:00:00:00:00:00,00:00:00:00:00:00,00:00:00:00:00:00,00:00:00:00:00:00,0-0-0,0-0-0,0-0-0,0-0-0,0-0-0,0-0-0,0-0-0,0-0-0,0-0-0,0-0-0,0,0,0,127.0.0.1,0/0,1,36:01.1,,,
16/10/2022 21:33,16/10/2022 21:33,0.181,54.149.28.179,10.0.2.15,443,50232,TCP,...APR.F,0,0,6,332,0,0,0,0,0,0,0,0,0,0,0.0.0.0,0.0.0.0,0,0,00:00:00:00:00:00,00:00:00:00:00:00,00:00:00:00:00:00,00:00:00:00:00:00,0-0-0,0-0-0,0-0-0,0-0-0,0-0-0,0-0-0,0-0-0,0-0-0,0-0-0,0-0-0,0,0,0,127.0.0.1,0/0,1,36:01.1,,,
16/10/2022 21:32,16/10/2022 21:32,0.018,1.1.1.1,10.0.2.15,53,58640,UDP,........,0,0,2,202,0,0,0,0,0,0,0,0,0,0,0.0.0.0,0.0.0.0,0,0,00:00:00:00:00:00,00:00:00:00:00:00,00:00:00:00:00:00,00:00:00:00:00:00,0-0-0,0-0-0,0-0-0,0-0-0,0-0-0,0-0-0,0-0-0,0-0-0,0-0-0,0-0-0,0,0,0,127.0.0.1,0/0,1,38:01.2,,,
16/10/2022 21:32,16/10/2022 21:32,0.018,10.0.2.15,1.1.1.1,58640,53,UDP,........,0,0,2,114,0,0,0,0,0,0,0,0,0,0,0.0.0.0,0.0.0.0,0,0,00:00:00:00:00:00,00:00:00:00:00:00,00:00:00:00:00:00,00:00:00:00:00:00,0-0-0,0-0-0,0-0-0,0-0-0,0-0-0,0-0-0,0-0-0,0-0-0,0-0-0,0-0-0,0,0,0,127.0.0.1,0/0,1,38:01.2,,,
16/10/2022 21:32,16/10/2022 21:32,0.017,1.1.1.1,10.0.2.15,53,60367,UDP,........,0,0,2,240,0,0,0,0,0,0,0,0,0,0,0.0.0.0,0.0.0.0,0,0,00:00:00:00:00:00,00:00:00:00:00:00,00:00:00:00:00:00,00:00:00:00:00:00,0-0-0,0-0-0,0-0-0,0-0-0,0-0-0,0-0-0,0-0-0,0-0-0,0-0-0,0-0-0,0,0,0,127.0.0.1,0/0,1,38:01.2,,,
16/10/2022 21:32,16/10/2022 21:32,0.017,10.0.2.15,1.1.1.1,60367,53,UDP,........,0,0,2,118,0,0,0,0,0,0,0,0,0,0,0.0.0.0,0.0.0.0,0,0,00:00:00:00:00:00,00:00:00:00:00:00,00:00:00:00:00:00,00:00:00:00:00:00,0-0-0,0-0-0,0-0-0,0-0-0,0-0-0,0-0-0,0-0-0,0-0-0,0-0-0,0-0-0,0,0,0,127.0.0.1,0/0,1,38:01.2,,,
16/10/2022 21:32,16/10/2022 21:32,0.096,10.0.2.15,152.199.21.141,36390,443,TCP,...AP.SF,0,0,9,1188,0,0,0,0,0,0,0,0,0,0,0.0.0.0,0.0.0.0,0,0,00:00:00:00:00:00,00:00:00:00:00:00,00:00:00:00:00:00,00:00:00:00:00:00,0-0-0,0-0-0,0-0-0,0-0-0,0-0-0,0-0-0,0-0-0,0-0-0,0-0-0,0-0-0,0,0,0,127.0.0.1,0/0,1,38:01.2,,,
16/10/2022 21:32,16/10/2022 21:32,0.096,152.199.21.141,10.0.2.15,443,36390,TCP,...AP.SF,0,0,10,5141,0,0,0,0,0,0,0,0,0,0,0.0.0.0,0.0.0.0,0,0,00:00:00:00:00:00,00:00:00:00:00:00,00:00:00:00:00:00,00:00:00:00:00:00,0-0-0,0-0-0,0-0-0,0-0-0,0-0-0,0-0-0,0-0-0,0-0-0,0-0-0,0-0-0,0,0,0,127.0.0.1,0/0,1,38:01.2,,,
16/10/2022 21:32,16/10/2022 21:32,0.02,1.1.1.1,10.0.2.15,53,55456,UDP,........,0,0,2,273,0,0,0,0,0,0,0,0,0,0,0.0.0.0,0.0.0.0,0,0,00:00:00:00:00:00,00:00:00:00:00:00,00:00:00:00:00:00,00:00:00:00:00:00,0-0-0,0-0-0,0-0-0,0-0-0,0-0-0,0-0-0,0-0-0,0-0-0,0-0-0,0-0-0,0,0,0,127.0.0.1,0/0,1,38:01.2,,,
16/10/2022 21:32,16/10/2022 21:32,0.02,10.0.2.15,1.1.1.1,55456,53,UDP,........,0,0,2,118,0,0,0,0,0,0,0,0,0,0,0.0.0.0,0.0.0.0,0,0,00:00:00:00:00:00,00:00:00:00:00:00,00:00:00:00:00:00,00:00:00:00:00:00,0-0-0,0-0-0,0-0-0,0-0-0,0-0-0,0-0-0,0-0-0,0-0-0,0-0-0,0-0-0,0,0,0,127.0.0.1,0/0,1,38:01.2,,,
16/10/2022 21:32,16/10/2022 21:32,0.033,1.1.1.1,10.0.2.15,53,33972,UDP,........,0,0,1,89,0,0,0,0,0,0,0,0,0,0,0.0.0.0,0.0.0.0,0,0,00:00:00:00:00:00,00:00:00:00:00:00,00:00:00:00:00:00,00:00:00:00:00:00,0-0-0,0-0-0,0-0-0,0-0-0,0-0-0,0-0-0,0-0-0,0-0-0,0-0-0,0-0-0,0,0,0,127.0.0.1,0/0,1,38:01.2,,,
16/10/2022 21:32,16/10/2022 21:32,0.033,10.0.2.15,1.1.1.1,33972,53,UDP,........,0,0,1,73,0,0,0,0,0,0,0,0,0,0,0.0.0.0,0.0.0.0,0,0,00:00:00:00:00:00,00:00:00:00:00:00,00:00:00:00:00:00,00:00:00:00:00:00,0-0-0,0-0-0,0-0-0,0-0-0,0-0-0,0-0-0,0-0-0,0-0-0,0-0-0,0-0-0,0,0,0,127.0.0.1,0/0,1,38:01.2,,,
16/10/2022 21:32,16/10/2022 21:32,0.12,10.0.2.15,142.250.201.74,39634,443,TCP,...AP.SF,0,0,11,1897,0,0,0,0,0,0,0,0,0,0,0.0.0.0,0.0.0.0,0,0,00:00:00:00:00:00,00:00:00:00:00:00,00:00:00:00:00:00,00:00:00:00:00:00,0-0-0,0-0-0,0-0-0,0-0-0,0-0-0,0-0-0,0-0-0,0-0-0,0-0-0,0-0-0,0,0,0,127.0.0.1,0/0,1,38:01.2,,,
16/10/2022 21:32,16/10/2022 21:32,0.12,142.250.201.74,10.0.2.15,443,39634,TCP,...AP.SF,0,0,11,1773,0,0,0,0,0,0,0,0,0,0,0.0.0.0,0.0.0.0,0,0,00:00:00:00:00:00,00:00:00:00:00:00,00:00:00:00:00:00,00:00:00:00:00:00,0-0-0,0-0-0,0-0-0,0-0-0,0-0-0,0-0-0,0-0-0,0-0-0,0-0-0,0-0-0,0,0,0,127.0.0.1,0/0,1,38:01.2,,,
16/10/2022 21:32,16/10/2022 21:32,0.018,1.1.1.1,10.0.2.15,53,49490,UDP,........,0,0,2,256,0,0,0,0,0,0,0,0,0,0,0.0.0.0,0.0.0.0,0,0,00:00:00:00:00:00,00:00:00:00:00:00,00:00:00:00:00:00,00:00:00:00:00:00,0-0-0,0-0-0,0-0-0,0-0-0,0-0-0,0-0-0,0-0-0,0-0-0,0-0-0,0-0-0,0,0,0,127.0.0.1,0/0,1,38:01.2,,,
16/10/2022 21:32,16/10/2022 21:32,0.018,10.0.2.15,1.1.1.1,49490,53,UDP,........,0,0,2,122,0,0,0,0,0,0,0,0,0,0,0.0.0.0,0.0.0.0,0,0,00:00:00:00:00:00,00:00:00:00:00:00,00:00:00:00:00:00,00:00:00:00:00:00,0-0-0,0-0-0,0-0-0,0-0-0,0-0-0,0-0-0,0-0-0,0-0-0,0-0-0,0-0-0,0,0,0,127.0.0.1,0/0,1,38:01.2,,,
16/10/2022 21:32,16/10/2022 21:32,0.017,1.1.1.1,10.0.2.15,53,42810,UDP,........,0,0,2,174,0,0,0,0,0,0,0,0,0,0,0.0.0.0,0.0.0.0,0,0,00:00:00:00:00:00,00:00:00:00:00:00,00:00:00:00:00:00,00:00:00:00:00:00,0-0-0,0-0-0,0-0-0,0-0-0,0-0-0,0-0-0,0-0-0,0-0-0,0-0-0,0-0-0,0,0,0,127.0.0.1,0/0,1,38:01.2,,,
16/10/2022 21:32,16/10/2022 21:32,0.017,10.0.2.15,1.1.1.1,42810,53,UDP,........,0,0,2,130,0,0,0,0,0,0,0,0,0,0,0.0.0.0,0.0.0.0,0,0,00:00:00:00:00:00,00:00:00:00:00:00,00:00:00:00:00:00,00:00:00:00:00:00,0-0-0,0-0-0,0-0-0,0-0-0,0-0-0,0-0-0,0-0-0,0-0-0,0-0-0,0-0-0,0,0,0,127.0.0.1,0/0,1,38:01.2,,,
16/10/2022 21:32,16/10/2022 21:32,0.018,1.1.1.1,10.0.2.15,53,34634,UDP,........,0,0,2,457,0,0,0,0,0,0,0,0,0,0,0.0.0.0,0.0.0.0,0,0,00:00:00:00:00:00,00:00:00:00:00:00,00:00:00:00:00:00,00:00:00:00:00:00,0-0-0,0-0-0,0-0-0,0-0-0,0-0-0,0-0-0,0-0-0,0-0-0,0-0-0,0-0-0,0,0,0,127.0.0.1,0/0,1,38:01.2,,,
16/10/2022 21:32,16/10/2022 21:32,0.018,10.0.2.15,1.1.1.1,34634,53,UDP,........,0,0,2,134,0,0,0,0,0,0,0,0,0,0,0.0.0.0,0.0.0.0,0,0,00:00:00:00:00:00,00:00:00:00:00:00,00:00:00:00:00:00,00:00:00:00:00:00,0-0-0,0-0-0,0-0-0,0-0-0,0-0-0,0-0-0,0-0-0,0-0-0,0-0-0,0-0-0,0,0,0,127.0.0.1,0/0,1,38:01.2,,,
16/10/2022 21:32,16/10/2022 21:32,3.693,10.0.2.15,142.250.200.77,47675,443,UDP,........,0,0,62,8228,0,0,0,0,0,0,0,0,0,0,0.0.0.0,0.0.0.0,0,0,00:00:00:00:00:00,00:00:00:00:00:00,00:00:00:00:00:00,00:00:00:00:00:00,0-0-0,0-0-0,0-0-0,0-0-0,0-0-0,0-0-0,0-0-0,0-0-0,0-0-0,0-0-0,0,0,0,127.0.0.1,0/0,1,38:01.2,,,
16/10/2022 21:32,16/10/2022 21:32,3.693,142.250.200.77,10.0.2.15,443,47675,UDP,........,0,0,146,157561,0,0,0,0,0,0,0,0,0,0,0.0.0.0,0.0.0.0,0,0,00:00:00:00:00:00,00:00:00:00:00:00,00:00:00:00:00:00,00:00:00:00:00:00,0-0-0,0-0-0,0-0-0,0-0-0,0-0-0,0-0-0,0-0-0,0-0-0,0-0-0,0-0-0,0,0,0,127.0.0.1,0/0,1,38:01.2,,,
16/10/2022 21:32,16/10/2022 21:32,0.045,1.1.1.1,10.0.2.15,53,34183,UDP,........,0,0,2,170,0,0,0,0,0,0,0,0,0,0,0.0.0.0,0.0.0.0,0,0,00:00:00:00:00:00,00:00:00:00:00:00,00:00:00:00:00:00,00:00:00:00:00:00,0-0-0,0-0-0,0-0-0,0-0-0,0-0-0,0-0-0,0-0-0,0-0-0,0-0-0,0-0-0,0,0,0,127.0.0.1,0/0,1,38:01.2,,,
16/10/2022 21:32,16/10/2022 21:32,0.045,10.0.2.15,1.1.1.1,34183,53,UDP,........,0,0,2,126,0,0,0,0,0,0,0,0,0,0,0.0.0.0,0.0.0.0,0,0,00:00:00:00:00:00,00:00:00:00:00:00,00:00:00:00:00:00,00:00:00:00:00:00,0-0-0,0-0-0,0-0-0,0-0-0,0-0-0,0-0-0,0-0-0,0-0-0,0-0-0,0-0-0,0,0,0,127.0.0.1,0/0,1,38:01.2,,,
16/10/2022 21:32,16/10/2022 21:32,0.258,10.0.2.15,142.250.200.99,43990,443,TCP,...AP.SF,0,0,12,1292,0,0,0,0,0,0,0,0,0,0,0.0.0.0,0.0.0.0,0,0,00:00:00:00:00:00,00:00:00:00:00:00,00:00:00:00:00:00,00:00:00:00:00:00,0-0-0,0-0-0,0-0-0,0-0-0,0-0-0,0-0-0,0-0-0,0-0-0,0-0-0,0-0-0,0,0,0,127.0.0.1,0/0,1,38:01.2,,,
16/10/2022 21:32,16/10/2022 21:32,0.258,142.250.200.99,10.0.2.15,443,43990,TCP,...AP.SF,0,0,11,5463,0,0,0,0,0,0,0,0,0,0,0.0.0.0,0.0.0.0,0,0,00:00:00:00:00:00,00:00:00:00:00:00,00:00:00:00:00:00,00:00:00:00:00:00,0-0-0,0-0-0,0-0-0,0-0-0,0-0-0,0-0-0,0-0-0,0-0-0,0-0-0,0-0-0,0,0,0,127.0.0.1,0/0,1,38:01.2,,,
16/10/2022 21:32,16/10/2022 21:32,0.082,10.0.2.15,142.250.200.99,59270,443,UDP,........,0,0,3,1717,0,0,0,0,0,0,0,0,0,0,0.0.0.0,0.0.0.0,0,0,00:00:00:00:00:00,00:00:00:00:00:00,00:00:00:00:00:00,00:00:00:00:00:00,0-0-0,0-0-0,0-0-0,0-0-0,0-0-0,0-0-0,0-0-0,0-0-0,0-0-0,0-0-0,0,0,0,127.0.0.1,0/0,1,38:01.2,,,
16/10/2022 21:32,16/10/2022 21:32,0.082,142.250.200.99,10.0.2.15,443,59270,UDP,........,0,0,4,2207,0,0,0,0,0,0,0,0,0,0,0.0.0.0,0.0.0.0,0,0,00:00:00:00:00:00,00:00:00:00:00:00,00:00:00:00:00:00,00:00:00:00:00:00,0-0-0,0-0-0,0-0-0,0-0-0,0-0-0,0-0-0,0-0-0,0-0-0,0-0-0,0-0-0,0,0,0,127.0.0.1,0/0,1,38:01.2,,,
16/10/2022 21:32,16/10/2022 21:32,5.778,10.0.2.15,93.184.220.29,44820,80,TCP,...A..SF,0,0,4,180,0,0,0,0,0,0,0,0,0,0,0.0.0.0,0.0.0.0,0,0,00:00:00:00:00:00,00:00:00:00:00:00,00:00:00:00:00:00,00:00:00:00:00:00,0-0-0,0-0-0,0-0-0,0-0-0,0-0-0,0-0-0,0-0-0,0-0-0,0-0-0,0-0-0,0,0,0,127.0.0.1,0/0,1,38:01.2,,,
16/10/2022 21:32,16/10/2022 21:32,5.778,93.184.220.29,10.0.2.15,80,44820,TCP,...A..SF,0,0,3,138,0,0,0,0,0,0,0,0,0,0,0.0.0.0,0.0.0.0,0,0,00:00:00:00:00:00,00:00:00:00:00:00,00:00:00:00:00:00,00:00:00:00:00:00,0-0-0,0-0-0,0-0-0,0-0-0,0-0-0,0-0-0,0-0-0,0-0-0,0-0-0,0-0-0,0,0,0,127.0.0.1,0/0,1,38:01.2,,,
16/10/2022 21:32,16/10/2022 21:32,0.021,1.1.1.1,10.0.2.15,53,37084,UDP,........,0,0,2,166,0,0,0,0,0,0,0,0,0,0,0.0.0.0,0.0.0.0,0,0,00:00:00:00:00:00,00:00:00:00:00:00,00:00:00:00:00:00,00:00:00:00:00:00,0-0-0,0-0-0,0-0-0,0-0-0,0-0-0,0-0-0,0-0-0,0-0-0,0-0-0,0-0-0,0,0,0,127.0.0.1,0/0,1,38:01.2,,,
16/10/2022 21:32,16/10/2022 21:32,0.021,10.0.2.15,1.1.1.1,37084,53,UDP,........,0,0,2,122,0,0,0,0,0,0,0,0,0,0,0.0.0.0,0.0.0.0,0,0,00:00:00:00:00:00,00:00:00:00:00:00,00:00:00:00:00:00,00:00:00:00:00:00,0-0-0,0-0-0,0-0-0,0-0-0,0-0-0,0-0-0,0-0-0,0-0-0,0-0-0,0-0-0,0,0,0,127.0.0.1,0/0,1,38:01.2,,,
16/10/2022 21:32,16/10/2022 21:32,0.331,10.0.2.15,142.250.201.78,56582,443,TCP,...AP.SF,0,0,17,2322,0,0,0,0,0,0,0,0,0,0,0.0.0.0,0.0.0.0,0,0,00:00:00:00:00:00,00:00:00:00:00:00,00:00:00:00:00:00,00:00:00:00:00:00,0-0-0,0-0-0,0-0-0,0-0-0,0-0-0,0-0-0,0-0-0,0-0-0,0-0-0,0-0-0,0,0,0,127.0.0.1,0/0,1,38:01.2,,,
16/10/2022 21:32,16/10/2022 21:32,0.331,142.250.201.78,10.0.2.15,443,56582,TCP,...AP.SF,0,0,17,9145,0,0,0,0,0,0,0,0,0,0,0.0.0.0,0.0.0.0,0,0,00:00:00:00:00:00,00:00:00:00:00:00,00:00:00:00:00:00,00:00:00:00:00:00,0-0-0,0-0-0,0-0-0,0-0-0,0-0-0,0-0-0,0-0-0,0-0-0,0-0-0,0-0-0,0,0,0,127.0.0.1,0/0,1,38:01.2,,,
16/10/2022 21:32,16/10/2022 21:32,0.146,10.0.2.15,142.250.201.78,60251,443,UDP,........,0,0,8,2003,0,0,0,0,0,0,0,0,0,0,0.0.0.0,0.0.0.0,0,0,00:00:00:00:00:00,00:00:00:00:00:00,00:00:00:00:00:00,00:00:00:00:00:00,0-0-0,0-0-0,0-0-0,0-0-0,0-0-0,0-0-0,0-0-0,0-0-0,0-0-0,0-0-0,0,0,0,127.0.0.1,0/0,1,38:01.2,,,
16/10/2022 21:32,16/10/2022 21:32,0.146,142.250.201.78,10.0.2.15,443,60251,UDP,........,0,0,10,9412,0,0,0,0,0,0,0,0,0,0,0.0.0.0,0.0.0.0,0,0,00:00:00:00:00:00,00:00:00:00:00:00,00:00:00:00:00:00,00:00:00:00:00:00,0-0-0,0-0-0,0-0-0,0-0-0,0-0-0,0-0-0,0-0-0,0-0-0,0-0-0,0-0-0,0,0,0,127.0.0.1,0/0,1,38:01.2,,,
16/10/2022 21:32,16/10/2022 21:32,0.041,1.1.1.1,10.0.2.15,53,50820,UDP,........,0,0,2,229,0,0,0,0,0,0,0,0,0,0,0.0.0.0,0.0.0.0,0,0,00:00:00:00:00:00,00:00:00:00:00:00,00:00:00:00:00:00,00:00:00:00:00:00,0-0-0,0-0-0,0-0-0,0-0-0,0-0-0,0-0-0,0-0-0,0-0-0,0-0-0,0-0-0,0,0,0,127.0.0.1,0/0,1,38:01.2,,,
16/10/2022 21:32,16/10/2022 21:32,0.041,10.0.2.15,1.1.1.1,50820,53,UDP,........,0,0,2,110,0,0,0,0,0,0,0,0,0,0,0.0.0.0,0.0.0.0,0,0,00:00:00:00:00:00,00:00:00:00:00:00,00:00:00:00:00:00,00:00:00:00:00:00,0-0-0,0-0-0,0-0-0,0-0-0,0-0-0,0-0-0,0-0-0,0-0-0,0-0-0,0-0-0,0,0,0,127.0.0.1,0/0,1,38:01.2,,,
16/10/2022 21:32,16/10/2022 21:32,0.021,1.1.1.1,10.0.2.15,53,36068,UDP,........,0,0,2,229,0,0,0,0,0,0,0,0,0,0,0.0.0.0,0.0.0.0,0,0,00:00:00:00:00:00,00:00:00:00:00:00,00:00:00:00:00:00,00:00:00:00:00:00,0-0-0,0-0-0,0-0-0,0-0-0,0-0-0,0-0-0,0-0-0,0-0-0,0-0-0,0-0-0,0,0,0,127.0.0.1,0/0,1,38:01.2,,,
16/10/2022 21:32,16/10/2022 21:32,0.021,10.0.2.15,1.1.1.1,36068,53,UDP,........,0,0,2,110,0,0,0,0,0,0,0,0,0,0,0.0.0.0,0.0.0.0,0,0,00:00:00:00:00:00,00:00:00:00:00:00,00:00:00:00:00:00,00:00:00:00:00:00,0-0-0,0-0-0,0-0-0,0-0-0,0-0-0,0-0-0,0-0-0,0-0-0,0-0-0,0-0-0,0,0,0,127.0.0.1,0/0,1,38:01.2,,,
16/10/2022 21:32,16/10/2022 21:32,0.02,1.1.1.1,10.0.2.15,53,60633,UDP,........,0,0,2,412,0,0,0,0,0,0,0,0,0,0,0.0.0.0,0.0.0.0,0,0,00:00:00:00:00:00,00:00:00:00:00:00,00:00:00:00:00:00,00:00:00:00:00:00,0-0-0,0-0-0,0-0-0,0-0-0,0-0-0,0-0-0,0-0-0,0-0-0,0-0-0,0-0-0,0,0,0,127.0.0.1,0/0,1,38:01.2,,,
16/10/2022 21:32,16/10/2022 21:32,0.02,10.0.2.15,1.1.1.1,60633,53,UDP,........,0,0,2,118,0,0,0,0,0,0,0,0,0,0,0.0.0.0,0.0.0.0,0,0,00:00:00:00:00:00,00:00:00:00:00:00,00:00:00:00:00:00,00:00:00:00:00:00,0-0-0,0-0-0,0-0-0,0-0-0,0-0-0,0-0-0,0-0-0,0-0-0,0-0-0,0-0-0,0,0,0,127.0.0.1,0/0,1,38:01.2,,,
16/10/2022 21:32,16/10/2022 21:32,0.019,1.1.1.1,10.0.2.15,53,54278,UDP,........,0,0,2,645,0,0,0,0,0,0,0,0,0,0,0.0.0.0,0.0.0.0,0,0,00:00:00:00:00:00,00:00:00:00:00:00,00:00:00:00:00:00,00:00:00:00:00:00,0-0-0,0-0-0,0-0-0,0-0-0,0-0-0,0-0-0,0-0-0,0-0-0,0-0-0,0-0-0,0,0,0,127.0.0.1,0/0,1,38:01.2,,,
16/10/2022 21:32,16/10/2022 21:32,0.019,10.0.2.15,1.1.1.1,54278,53,UDP,........,0,0,2,154,0,0,0,0,0,0,0,0,0,0,0.0.0.0,0.0.0.0,0,0,00:00:00:00:00:00,00:00:00:00:00:00,00:00:00:00:00:00,00:00:00:00:00:00,0-0-0,0-0-0,0-0-0,0-0-0,0-0-0,0-0-0,0-0-0,0-0-0,0-0-0,0-0-0,0,0,0,127.0.0.1,0/0,1,38:01.2,,,
16/10/2022 21:32,16/10/2022 21:32,0.02,1.1.1.1,10.0.2.15,53,57219,UDP,........,0,0,2,534,0,0,0,0,0,0,0,0,0,0,0.0.0.0,0.0.0.0,0,0,00:00:00:00:00:00,00:00:00:00:00:00,00:00:00:00:00:00,00:00:00:00:00:00,0-0-0,0-0-0,0-0-0,0-0-0,0-0-0,0-0-0,0-0-0,0-0-0,0-0-0,0-0-0,0,0,0,127.0.0.1,0/0,1,38:01.2,,,
16/10/2022 21:32,16/10/2022 21:32,0.02,10.0.2.15,1.1.1.1,57219,53,UDP,........,0,0,2,124,0,0,0,0,0,0,0,0,0,0,0.0.0.0,0.0.0.0,0,0,00:00:00:00:00:00,00:00:00:00:00:00,00:00:00:00:00:00,00:00:00:00:00:00,0-0-0,0-0-0,0-0-0,0-0-0,0-0-0,0-0-0,0-0-0,0-0-0,0-0-0,0-0-0,0,0,0,127.0.0.1,0/0,1,38:01.2,,,
16/10/2022 21:32,16/10/2022 21:32,0.019,1.1.1.1,10.0.2.15,53,40573,UDP,........,0,0,2,561,0,0,0,0,0,0,0,0,0,0,0.0.0.0,0.0.0.0,0,0,00:00:00:00:00:00,00:00:00:00:00:00,00:00:00:00:00:00,00:00:00:00:00:00,0-0-0,0-0-0,0-0-0,0-0-0,0-0-0,0-0-0,0-0-0,0-0-0,0-0-0,0-0-0,0,0,0,127.0.0.1,0/0,1,38:01.2,,,
16/10/2022 21:32,16/10/2022 21:32,0.019,10.0.2.15,1.1.1.1,40573,53,UDP,........,0,0,2,128,0,0,0,0,0,0,0,0,0,0,0.0.0.0,0.0.0.0,0,0,00:00:00:00:00:00,00:00:00:00:00:00,00:00:00:00:00:00,00:00:00:00:00:00,0-0-0,0-0-0,0-0-0,0-0-0,0-0-0,0-0-0,0-0-0,0-0-0,0-0-0,0-0-0,0,0,0,127.0.0.1,0/0,1,38:01.2,,,
16/10/2022 21:32,16/10/2022 21:32,0.018,1.1.1.1,10.0.2.15,53,56487,UDP,........,0,0,2,289,0,0,0,0,0,0,0,0,0,0,0.0.0.0,0.0.0.0,0,0,00:00:00:00:00:00,00:00:00:00:00:00,00:00:00:00:00:00,00:00:00:00:00:00,0-0-0,0-0-0,0-0-0,0-0-0,0-0-0,0-0-0,0-0-0,0-0-0,0-0-0,0-0-0,0,0,0,127.0.0.1,0/0,1,38:01.2,,,
16/10/2022 21:32,16/10/2022 21:32,0.018,10.0.2.15,1.1.1.1,56487,53,UDP,........,0,0,2,144,0,0,0,0,0,0,0,0,0,0,0.0.0.0,0.0.0.0,0,0,00:00:00:00:00:00,00:00:00:00:00:00,00:00:00:00:00:00,00:00:00:00:00:00,0-0-0,0-0-0,0-0-0,0-0-0,0-0-0,0-0-0,0-0-0,0-0-0,0-0-0,0-0-0,0,0,0,127.0.0.1,0/0,1,38:01.2,,,
16/10/2022 21:32,16/10/2022 21:32,0.019,1.1.1.1,10.0.2.15,53,43023,UDP,........,0,0,2,242,0,0,0,0,0,0,0,0,0,0,0.0.0.0,0.0.0.0,0,0,00:00:00:00:00:00,00:00:00:00:00:00,00:00:00:00:00:00,00:00:00:00:00:00,0-0-0,0-0-0,0-0-0,0-0-0,0-0-0,0-0-0,0-0-0,0-0-0,0-0-0,0-0-0,0,0,0,127.0.0.1,0/0,1,38:01.2,,,
16/10/2022 21:32,16/10/2022 21:32,0.019,10.0.2.15,1.1.1.1,43023,53,UDP,........,0,0,2,144,0,0,0,0,0,0,0,0,0,0,0.0.0.0,0.0.0.0,0,0,00:00:00:00:00:00,00:00:00:00:00:00,00:00:00:00:00:00,00:00:00:00:00:00,0-0-0,0-0-0,0-0-0,0-0-0,0-0-0,0-0-0,0-0-0,0-0-0,0-0-0,0-0-0,0,0,0,127.0.0.1,0/0,1,38:01.2,,,
16/10/2022 21:32,16/10/2022 21:32,0.02,1.1.1.1,10.0.2.15,53,33225,UDP,........,0,0,2,221,0,0,0,0,0,0,0,0,0,0,0.0.0.0,0.0.0.0,0,0,00:00:00:00:00:00,00:00:00:00:00:00,00:00:00:00:00:00,00:00:00:00:00:00,0-0-0,0-0-0,0-0-0,0-0-0,0-0-0,0-0-0,0-0-0,0-0-0,0-0-0,0-0-0,0,0,0,127.0.0.1,0/0,1,38:01.2,,,
16/10/2022 21:32,16/10/2022 21:32,0.02,10.0.2.15,1.1.1.1,33225,53,UDP,........,0,0,2,130,0,0,0,0,0,0,0,0,0,0,0.0.0.0,0.0.0.0,0,0,00:00:00:00:00:00,00:00:00:00:00:00,00:00:00:00:00:00,00:00:00:00:00:00,0-0-0,0-0-0,0-0-0,0-0-0,0-0-0,0-0-0,0-0-0,0-0-0,0-0-0,0-0-0,0,0,0,127.0.0.1,0/0,1,38:01.2,,,
16/10/2022 21:32,16/10/2022 21:32,0.022,1.1.1.1,10.0.2.15,53,44883,UDP,........,0,0,2,329,0,0,0,0,0,0,0,0,0,0,0.0.0.0,0.0.0.0,0,0,00:00:00:00:00:00,00:00:00:00:00:00,00:00:00:00:00:00,00:00:00:00:00:00,0-0-0,0-0-0,0-0-0,0-0-0,0-0-0,0-0-0,0-0-0,0-0-0,0-0-0,0-0-0,0,0,0,127.0.0.1,0/0,1,38:01.2,,,
16/10/2022 21:32,16/10/2022 21:32,0.022,10.0.2.15,1.1.1.1,44883,53,UDP,........,0,0,2,124,0,0,0,0,0,0,0,0,0,0,0.0.0.0,0.0.0.0,0,0,00:00:00:00:00:00,00:00:00:00:00:00,00:00:00:00:00:00,00:00:00:00:00:00,0-0-0,0-0-0,0-0-0,0-0-0,0-0-0,0-0-0,0-0-0,0-0-0,0-0-0,0-0-0,0,0,0,127.0.0.1,0/0,1,38:01.2,,,
16/10/2022 21:32,16/10/2022 21:32,0.025,1.1.1.1,10.0.2.15,53,51456,UDP,........,0,0,2,306,0,0,0,0,0,0,0,0,0,0,0.0.0.0,0.0.0.0,0,0,00:00:00:00:00:00,00:00:00:00:00:00,00:00:00:00:00:00,00:00:00:00:00:00,0-0-0,0-0-0,0-0-0,0-0-0,0-0-0,0-0-0,0-0-0,0-0-0,0-0-0,0-0-0,0,0,0,127.0.0.1,0/0,1,38:01.2,,,
16/10/2022 21:32,16/10/2022 21:32,0.025,10.0.2.15,1.1.1.1,51456,53,UDP,........,0,0,2,132,0,0,0,0,0,0,0,0,0,0,0.0.0.0,0.0.0.0,0,0,00:00:00:00:00:00,00:00:00:00:00:00,00:00:00:00:00:00,00:00:00:00:00:00,0-0-0,0-0-0,0-0-0,0-0-0,0-0-0,0-0-0,0-0-0,0-0-0,0-0-0,0-0-0,0,0,0,127.0.0.1,0/0,1,38:01.2,,,
16/10/2022 21:32,16/10/2022 21:32,5.2,10.0.2.15,52.95.120.38,48236,80,TCP,...A..SF,0,0,4,180,0,0,0,0,0,0,0,0,0,0,0.0.0.0,0.0.0.0,0,0,00:00:00:00:00:00,00:00:00:00:00:00,00:00:00:00:00:00,00:00:00:00:00:00,0-0-0,0-0-0,0-0-0,0-0-0,0-0-0,0-0-0,0-0-0,0-0-0,0-0-0,0-0-0,0,0,0,127.0.0.1,0/0,1,38:01.2,,,
16/10/2022 21:32,16/10/2022 21:32,5.2,52.95.120.38,10.0.2.15,80,48236,TCP,...A..SF,0,0,3,138,0,0,0,0,0,0,0,0,0,0,0.0.0.0,0.0.0.0,0,0,00:00:00:00:00:00,00:00:00:00:00:00,00:00:00:00:00:00,00:00:00:00:00:00,0-0-0,0-0-0,0-0-0,0-0-0,0-0-0,0-0-0,0-0-0,0-0-0,0-0-0,0-0-0,0,0,0,127.0.0.1,0/0,1,38:01.2,,,
16/10/2022 21:32,16/10/2022 21:32,0.115,1.1.1.1,10.0.2.15,53,44389,UDP,........,0,0,2,591,0,0,0,0,0,0,0,0,0,0,0.0.0.0,0.0.0.0,0,0,00:00:00:00:00:00,00:00:00:00:00:00,00:00:00:00:00:00,00:00:00:00:00:00,0-0-0,0-0-0,0-0-0,0-0-0,0-0-0,0-0-0,0-0-0,0-0-0,0-0-0,0-0-0,0,0,0,127.0.0.1,0/0,1,38:01.2,,,
16/10/2022 21:32,16/10/2022 21:32,0.115,10.0.2.15,1.1.1.1,44389,53,UDP,........,0,0,2,202,0,0,0,0,0,0,0,0,0,0,0.0.0.0,0.0.0.0,0,0,00:00:00:00:00:00,00:00:00:00:00:00,00:00:00:00:00:00,00:00:00:00:00:00,0-0-0,0-0-0,0-0-0,0-0-0,0-0-0,0-0-0,0-0-0,0-0-0,0-0-0,0-0-0,0,0,0,127.0.0.1,0/0,1,38:01.2,,,
16/10/2022 21:32,16/10/2022 21:32,0.067,1.1.1.1,10.0.2.15,53,55176,UDP,........,0,0,2,353,0,0,0,0,0,0,0,0,0,0,0.0.0.0,0.0.0.0,0,0,00:00:00:00:00:00,00:00:00:00:00:00,00:00:00:00:00:00,00:00:00:00:00:00,0-0-0,0-0-0,0-0-0,0-0-0,0-0-0,0-0-0,0-0-0,0-0-0,0-0-0,0-0-0,0,0,0,127.0.0.1,0/0,1,38:01.2,,,
16/10/2022 21:32,16/10/2022 21:32,0.067,10.0.2.15,1.1.1.1,55176,53,UDP,........,0,0,2,222,0,0,0,0,0,0,0,0,0,0,0.0.0.0,0.0.0.0,0,0,00:00:00:00:00:00,00:00:00:00:00:00,00:00:00:00:00:00,00:00:00:00:00:00,0-0-0,0-0-0,0-0-0,0-0-0,0-0-0,0-0-0,0-0-0,0-0-0,0-0-0,0-0-0,0,0,0,127.0.0.1,0/0,1,38:01.2,,,
16/10/2022 21:32,16/10/2022 21:32,0.019,1.1.1.1,10.0.2.15,53,57241,UDP,........,0,0,2,279,0,0,0,0,0,0,0,0,0,0,0.0.0.0,0.0.0.0,0,0,00:00:00:00:00:00,00:00:00:00:00:00,00:00:00:00:00:00,00:00:00:00:00:00,0-0-0,0-0-0,0-0-0,0-0-0,0-0-0,0-0-0,0-0-0,0-0-0,0-0-0,0-0-0,0,0,0,127.0.0.1,0/0,1,38:01.2,,,
16/10/2022 21:32,16/10/2022 21:32,0.019,10.0.2.15,1.1.1.1,57241,53,UDP,........,0,0,2,122,0,0,0,0,0,0,0,0,0,0,0.0.0.0,0.0.0.0,0,0,00:00:00:00:00:00,00:00:00:00:00:00,00:00:00:00:00:00,00:00:00:00:00:00,0-0-0,0-0-0,0-0-0,0-0-0,0-0-0,0-0-0,0-0-0,0-0-0,0-0-0,0-0-0,0,0,0,127.0.0.1,0/0,1,38:01.2,,,
16/10/2022 21:32,16/10/2022 21:32,5.53,10.0.2.15,52.95.119.2,46828,443,TCP,...AP.SF,0,0,10,1094,0,0,0,0,0,0,0,0,0,0,0.0.0.0,0.0.0.0,0,0,00:00:00:00:00:00,00:00:00:00:00:00,00:00:00:00:00:00,00:00:00:00:00:00,0-0-0,0-0-0,0-0-0,0-0-0,0-0-0,0-0-0,0-0-0,0-0-0,0-0-0,0-0-0,0,0,0,127.0.0.1,0/0,1,38:01.2,,,
16/10/2022 21:32,16/10/2022 21:32,5.53,52.95.119.2,10.0.2.15,443,46828,TCP,...AP.SF,0,0,9,6619,0,0,0,0,0,0,0,0,0,0,0.0.0.0,0.0.0.0,0,0,00:00:00:00:00:00,00:00:00:00:00:00,00:00:00:00:00:00,00:00:00:00:00:00,0-0-0,0-0-0,0-0-0,0-0-0,0-0-0,0-0-0,0-0-0,0-0-0,0-0-0,0-0-0,0,0,0,127.0.0.1,0/0,1,38:01.2,,,
16/10/2022 21:32,16/10/2022 21:32,0.027,1.1.1.1,10.0.2.15,53,40068,UDP,........,0,0,2,288,0,0,0,0,0,0,0,0,0,0,0.0.0.0,0.0.0.0,0,0,00:00:00:00:00:00,00:00:00:00:00:00,00:00:00:00:00:00,00:00:00:00:00:00,0-0-0,0-0-0,0-0-0,0-0-0,0-0-0,0-0-0,0-0-0,0-0-0,0-0-0,0-0-0,0,0,0,127.0.0.1,0/0,1,38:01.2,,,
16/10/2022 21:32,16/10/2022 21:32,0.027,10.0.2.15,1.1.1.1,40068,53,UDP,........,0,0,2,112,0,0,0,0,0,0,0,0,0,0,0.0.0.0,0.0.0.0,0,0,00:00:00:00:00:00,00:00:00:00:00:00,00:00:00:00:00:00,00:00:00:00:00:00,0-0-0,0-0-0,0-0-0,0-0-0,0-0-0,0-0-0,0-0-0,0-0-0,0-0-0,0-0-0,0,0,0,127.0.0.1,0/0,1,38:01.2,,,
16/10/2022 21:32,16/10/2022 21:32,0.026,1.1.1.1,10.0.2.15,53,42294,UDP,........,0,0,2,312,0,0,0,0,0,0,0,0,0,0,0.0.0.0,0.0.0.0,0,0,00:00:00:00:00:00,00:00:00:00:00:00,00:00:00:00:00:00,00:00:00:00:00:00,0-0-0,0-0-0,0-0-0,0-0-0,0-0-0,0-0-0,0-0-0,0-0-0,0-0-0,0-0-0,0,0,0,127.0.0.1,0/0,1,38:01.2,,,
16/10/2022 21:32,16/10/2022 21:32,0.026,10.0.2.15,1.1.1.1,42294,53,UDP,........,0,0,2,120,0,0,0,0,0,0,0,0,0,0,0.0.0.0,0.0.0.0,0,0,00:00:00:00:00:00,00:00:00:00:00:00,00:00:00:00:00:00,00:00:00:00:00:00,0-0-0,0-0-0,0-0-0,0-0-0,0-0-0,0-0-0,0-0-0,0-0-0,0-0-0,0-0-0,0,0,0,127.0.0.1,0/0,1,38:01.2,,,
16/10/2022 21:32,16/10/2022 21:32,0.018,1.1.1.1,10.0.2.15,53,34243,UDP,........,0,0,2,398,0,0,0,0,0,0,0,0,0,0,0.0.0.0,0.0.0.0,0,0,00:00:00:00:00:00,00:00:00:00:00:00,00:00:00:00:00:00,00:00:00:00:00:00,0-0-0,0-0-0,0-0-0,0-0-0,0-0-0,0-0-0,0-0-0,0-0-0,0-0-0,0-0-0,0,0,0,127.0.0.1,0/0,1,38:01.2,,,
16/10/2022 21:32,16/10/2022 21:32,0.018,10.0.2.15,1.1.1.1,34243,53,UDP,........,0,0,2,132,0,0,0,0,0,0,0,0,0,0,0.0.0.0,0.0.0.0,0,0,00:00:00:00:00:00,00:00:00:00:00:00,00:00:00:00:00:00,00:00:00:00:00:00,0-0-0,0-0-0,0-0-0,0-0-0,0-0-0,0-0-0,0-0-0,0-0-0,0-0-0,0-0-0,0,0,0,127.0.0.1,0/0,1,38:01.2,,,
16/10/2022 21:32,16/10/2022 21:32,0.031,1.1.1.1,10.0.2.15,53,52786,UDP,........,0,0,2,402,0,0,0,0,0,0,0,0,0,0,0.0.0.0,0.0.0.0,0,0,00:00:00:00:00:00,00:00:00:00:00:00,00:00:00:00:00:00,00:00:00:00:00:00,0-0-0,0-0-0,0-0-0,0-0-0,0-0-0,0-0-0,0-0-0,0-0-0,0-0-0,0-0-0,0,0,0,127.0.0.1,0/0,1,38:01.2,,,
16/10/2022 21:32,16/10/2022 21:32,0.031,10.0.2.15,1.1.1.1,52786,53,UDP,........,0,0,2,136,0,0,0,0,0,0,0,0,0,0,0.0.0.0,0.0.0.0,0,0,00:00:00:00:00:00,00:00:00:00:00:00,00:00:00:00:00:00,00:00:00:00:00:00,0-0-0,0-0-0,0-0-0,0-0-0,0-0-0,0-0-0,0-0-0,0-0-0,0-0-0,0-0-0,0,0,0,127.0.0.1,0/0,1,38:01.2,,,
16/10/2022 21:32,16/10/2022 21:32,0.031,1.1.1.1,10.0.2.15,53,43771,UDP,........,0,0,2,388,0,0,0,0,0,0,0,0,0,0,0.0.0.0,0.0.0.0,0,0,00:00:00:00:00:00,00:00:00:00:00:00,00:00:00:00:00:00,00:00:00:00:00:00,0-0-0,0-0-0,0-0-0,0-0-0,0-0-0,0-0-0,0-0-0,0-0-0,0-0-0,0-0-0,0,0,0,127.0.0.1,0/0,1,38:01.2,,,
16/10/2022 21:32,16/10/2022 21:32,0.031,10.0.2.15,1.1.1.1,43771,53,UDP,........,0,0,2,122,0,0,0,0,0,0,0,0,0,0,0.0.0.0,0.0.0.0,0,0,00:00:00:00:00:00,00:00:00:00:00:00,00:00:00:00:00:00,00:00:00:00:00:00,0-0-0,0-0-0,0-0-0,0-0-0,0-0-0,0-0-0,0-0-0,0-0-0,0-0-0,0-0-0,0,0,0,127.0.0.1,0/0,1,38:01.2,,,
16/10/2022 21:32,16/10/2022 21:32,0.02,1.1.1.1,10.0.2.15,53,34106,UDP,........,0,0,2,406,0,0,0,0,0,0,0,0,0,0,0.0.0.0,0.0.0.0,0,0,00:00:00:00:00:00,00:00:00:00:00:00,00:00:00:00:00:00,00:00:00:00:00:00,0-0-0,0-0-0,0-0-0,0-0-0,0-0-0,0-0-0,0-0-0,0-0-0,0-0-0,0-0-0,0,0,0,127.0.0.1,0/0,1,38:01.2,,,
16/10/2022 21:32,16/10/2022 21:32,0.02,10.0.2.15,1.1.1.1,34106,53,UDP,........,0,0,2,140,0,0,0,0,0,0,0,0,0,0,0.0.0.0,0.0.0.0,0,0,00:00:00:00:00:00,00:00:00:00:00:00,00:00:00:00:00:00,00:00:00:00:00:00,0-0-0,0-0-0,0-0-0,0-0-0,0-0-0,0-0-0,0-0-0,0-0-0,0-0-0,0-0-0,0,0,0,127.0.0.1,0/0,1,38:01.2,,,
16/10/2022 21:32,16/10/2022 21:32,0.036,1.1.1.1,10.0.2.15,53,40818,UDP,........,0,0,2,400,0,0,0,0,0,0,0,0,0,0,0.0.0.0,0.0.0.0,0,0,00:00:00:00:00:00,00:00:00:00:00:00,00:00:00:00:00:00,00:00:00:00:00:00,0-0-0,0-0-0,0-0-0,0-0-0,0-0-0,0-0-0,0-0-0,0-0-0,0-0-0,0-0-0,0,0,0,127.0.0.1,0/0,1,38:01.2,,,
16/10/2022 21:32,16/10/2022 21:32,0.036,10.0.2.15,1.1.1.1,40818,53,UDP,........,0,0,2,134,0,0,0,0,0,0,0,0,0,0,0.0.0.0,0.0.0.0,0,0,00:00:00:00:00:00,00:00:00:00:00:00,00:00:00:00:00:00,00:00:00:00:00:00,0-0-0,0-0-0,0-0-0,0-0-0,0-0-0,0-0-0,0-0-0,0-0-0,0-0-0,0-0-0,0,0,0,127.0.0.1,0/0,1,38:01.2,,,
16/10/2022 21:32,16/10/2022 21:32,0.02,1.1.1.1,10.0.2.15,53,60695,UDP,........,0,0,2,330,0,0,0,0,0,0,0,0,0,0,0.0.0.0,0.0.0.0,0,0,00:00:00:00:00:00,00:00:00:00:00:00,00:00:00:00:00:00,00:00:00:00:00:00,0-0-0,0-0-0,0-0-0,0-0-0,0-0-0,0-0-0,0-0-0,0-0-0,0-0-0,0-0-0,0,0,0,127.0.0.1,0/0,1,38:01.2,,,
16/10/2022 21:32,16/10/2022 21:32,0.02,10.0.2.15,1.1.1.1,60695,53,UDP,........,0,0,2,138,0,0,0,0,0,0,0,0,0,0,0.0.0.0,0.0.0.0,0,0,00:00:00:00:00:00,00:00:00:00:00:00,00:00:00:00:00:00,00:00:00:00:00:00,0-0-0,0-0-0,0-0-0,0-0-0,0-0-0,0-0-0,0-0-0,0-0-0,0-0-0,0-0-0,0,0,0,127.0.0.1,0/0,1,38:01.2,,,
16/10/2022 21:32,16/10/2022 21:32,0.049,1.1.1.1,10.0.2.15,53,42771,UDP,........,0,0,2,312,0,0,0,0,0,0,0,0,0,0,0.0.0.0,0.0.0.0,0,0,00:00:00:00:00:00,00:00:00:00:00:00,00:00:00:00:00:00,00:00:00:00:00:00,0-0-0,0-0-0,0-0-0,0-0-0,0-0-0,0-0-0,0-0-0,0-0-0,0-0-0,0-0-0,0,0,0,127.0.0.1,0/0,1,38:01.2,,,
16/10/2022 21:32,16/10/2022 21:32,0.049,10.0.2.15,1.1.1.1,42771,53,UDP,........,0,0,2,120,0,0,0,0,0,0,0,0,0,0,0.0.0.0,0.0.0.0,0,0,00:00:00:00:00:00,00:00:00:00:00:00,00:00:00:00:00:00,00:00:00:00:00:00,0-0-0,0-0-0,0-0-0,0-0-0,0-0-0,0-0-0,0-0-0,0-0-0,0-0-0,0-0-0,0,0,0,127.0.0.1,0/0,1,38:01.2,,,
16/10/2022 21:33,16/10/2022 21:33,0.026,1.1.1.1,10.0.2.15,53,54988,UDP,........,0,0,2,396,0,0,0,0,0,0,0,0,0,0,0.0.0.0,0.0.0.0,0,0,00:00:00:00:00:00,00:00:00:00:00:00,00:00:00:00:00:00,00:00:00:00:00:00,0-0-0,0-0-0,0-0-0,0-0-0,0-0-0,0-0-0,0-0-0,0-0-0,0-0-0,0-0-0,0,0,0,127.0.0.1,0/0,1,38:01.2,,,
16/10/2022 21:33,16/10/2022 21:33,0.026,10.0.2.15,1.1.1.1,54988,53,UDP,........,0,0,2,130,0,0,0,0,0,0,0,0,0,0,0.0.0.0,0.0.0.0,0,0,00:00:00:00:00:00,00:00:00:00:00:00,00:00:00:00:00:00,00:00:00:00:00:00,0-0-0,0-0-0,0-0-0,0-0-0,0-0-0,0-0-0,0-0-0,0-0-0,0-0-0,0-0-0,0,0,0,127.0.0.1,0/0,1,38:01.2,,,
16/10/2022 21:33,16/10/2022 21:33,0.031,1.1.1.1,10.0.2.15,53,36864,UDP,........,0,0,2,184,0,0,0,0,0,0,0,0,0,0,0.0.0.0,0.0.0.0,0,0,00:00:00:00:00:00,00:00:00:00:00:00,00:00:00:00:00:00,00:00:00:00:00:00,0-0-0,0-0-0,0-0-0,0-0-0,0-0-0,0-0-0,0-0-0,0-0-0,0-0-0,0-0-0,0,0,0,127.0.0.1,0/0,1,38:01.2,,,
16/10/2022 21:33,16/10/2022 21:33,0.031,10.0.2.15,1.1.1.1,36864,53,UDP,........,0,0,2,140,0,0,0,0,0,0,0,0,0,0,0.0.0.0,0.0.0.0,0,0,00:00:00:00:00:00,00:00:00:00:00:00,00:00:00:00:00:00,00:00:00:00:00:00,0-0-0,0-0-0,0-0-0,0-0-0,0-0-0,0-0-0,0-0-0,0-0-0,0-0-0,0-0-0,0,0,0,127.0.0.1,0/0,1,38:01.2,,,
16/10/2022 21:33,16/10/2022 21:33,0.381,10.0.2.15,142.250.200.72,54270,443,TCP,...AP.SF,0,0,22,2042,0,0,0,0,0,0,0,0,0,0,0.0.0.0,0.0.0.0,0,0,00:00:00:00:00:00,00:00:00:00:00:00,00:00:00:00:00:00,00:00:00:00:00:00,0-0-0,0-0-0,0-0-0,0-0-0,0-0-0,0-0-0,0-0-0,0-0-0,0-0-0,0-0-0,0,0,0,127.0.0.1,0/0,1,39:01.4,,,
16/10/2022 21:33,16/10/2022 21:33,0.381,142.250.200.72,10.0.2.15,443,54270,TCP,...AP.SF,0,0,22,46301,0,0,0,0,0,0,0,0,0,0,0.0.0.0,0.0.0.0,0,0,00:00:00:00:00:00,00:00:00:00:00:00,00:00:00:00:00:00,00:00:00:00:00:00,0-0-0,0-0-0,0-0-0,0-0-0,0-0-0,0-0-0,0-0-0,0-0-0,0-0-0,0-0-0,0,0,0,127.0.0.1,0/0,1,39:01.4,,,
16/10/2022 21:33,16/10/2022 21:33,0.148,10.0.2.15,142.250.200.72,37274,443,UDP,........,0,0,9,3344,0,0,0,0,0,0,0,0,0,0,0.0.0.0,0.0.0.0,0,0,00:00:00:00:00:00,00:00:00:00:00:00,00:00:00:00:00:00,00:00:00:00:00:00,0-0-0,0-0-0,0-0-0,0-0-0,0-0-0,0-0-0,0-0-0,0-0-0,0-0-0,0-0-0,0,0,0,127.0.0.1,0/0,1,39:01.4,,,
16/10/2022 21:33,16/10/2022 21:33,0.148,142.250.200.72,10.0.2.15,443,37274,UDP,........,0,0,8,7202,0,0,0,0,0,0,0,0,0,0,0.0.0.0,0.0.0.0,0,0,00:00:00:00:00:00,00:00:00:00:00:00,00:00:00:00:00:00,00:00:00:00:00:00,0-0-0,0-0-0,0-0-0,0-0-0,0-0-0,0-0-0,0-0-0,0-0-0,0-0-0,0-0-0,0,0,0,127.0.0.1,0/0,1,39:01.4,,,
16/10/2022 21:33,16/10/2022 21:33,0.019,1.1.1.1,10.0.2.15,53,43094,UDP,........,0,0,2,209,0,0,0,0,0,0,0,0,0,0,0.0.0.0,0.0.0.0,0,0,00:00:00:00:00:00,00:00:00:00:00:00,00:00:00:00:00:00,00:00:00:00:00:00,0-0-0,0-0-0,0-0-0,0-0-0,0-0-0,0-0-0,0-0-0,0-0-0,0-0-0,0-0-0,0,0,0,127.0.0.1,0/0,1,39:01.4,,,
16/10/2022 21:33,16/10/2022 21:33,0.019,10.0.2.15,1.1.1.1,43094,53,UDP,........,0,0,2,116,0,0,0,0,0,0,0,0,0,0,0.0.0.0,0.0.0.0,0,0,00:00:00:00:00:00,00:00:00:00:00:00,00:00:00:00:00:00,00:00:00:00:00:00,0-0-0,0-0-0,0-0-0,0-0-0,0-0-0,0-0-0,0-0-0,0-0-0,0-0-0,0-0-0,0,0,0,127.0.0.1,0/0,1,39:01.4,,,
16/10/2022 21:33,16/10/2022 21:33,0.317,10.0.2.15,35.244.174.68,59484,443,TCP,...AP.SF,0,0,16,1798,0,0,0,0,0,0,0,0,0,0,0.0.0.0,0.0.0.0,0,0,00:00:00:00:00:00,00:00:00:00:00:00,00:00:00:00:00:00,00:00:00:00:00:00,0-0-0,0-0-0,0-0-0,0-0-0,0-0-0,0-0-0,0-0-0,0-0-0,0-0-0,0-0-0,0,0,0,127.0.0.1,0/0,1,39:01.4,,,
16/10/2022 21:33,16/10/2022 21:33,0.317,35.244.174.68,10.0.2.15,443,59484,TCP,...AP.SF,0,0,16,7591,0,0,0,0,0,0,0,0,0,0,0.0.0.0,0.0.0.0,0,0,00:00:00:00:00:00,00:00:00:00:00:00,00:00:00:00:00:00,00:00:00:00:00:00,0-0-0,0-0-0,0-0-0,0-0-0,0-0-0,0-0-0,0-0-0,0-0-0,0-0-0,0-0-0,0,0,0,127.0.0.1,0/0,1,39:01.4,,,
16/10/2022 21:33,16/10/2022 21:33,0.032,1.1.1.1,10.0.2.15,53,41106,UDP,........,0,0,2,312,0,0,0,0,0,0,0,0,0,0,0.0.0.0,0.0.0.0,0,0,00:00:00:00:00:00,00:00:00:00:00:00,00:00:00:00:00:00,00:00:00:00:00:00,0-0-0,0-0-0,0-0-0,0-0-0,0-0-0,0-0-0,0-0-0,0-0-0,0-0-0,0-0-0,0,0,0,127.0.0.1,0/0,1,39:01.4,,,
16/10/2022 21:33,16/10/2022 21:33,0.032,10.0.2.15,1.1.1.1,41106,53,UDP,........,0,0,2,124,0,0,0,0,0,0,0,0,0,0,0.0.0.0,0.0.0.0,0,0,00:00:00:00:00:00,00:00:00:00:00:00,00:00:00:00:00:00,00:00:00:00:00:00,0-0-0,0-0-0,0-0-0,0-0-0,0-0-0,0-0-0,0-0-0,0-0-0,0-0-0,0-0-0,0,0,0,127.0.0.1,0/0,1,39:01.4,,,
16/10/2022 21:33,16/10/2022 21:33,0.108,10.0.2.15,35.244.174.68,36224,443,UDP,........,0,0,8,2004,0,0,0,0,0,0,0,0,0,0,0.0.0.0,0.0.0.0,0,0,00:00:00:00:00:00,00:00:00:00:00:00,00:00:00:00:00:00,00:00:00:00:00:00,0-0-0,0-0-0,0-0-0,0-0-0,0-0-0,0-0-0,0-0-0,0-0-0,0-0-0,0-0-0,0,0,0,127.0.0.1,0/0,1,39:01.4,,,
16/10/2022 21:33,16/10/2022 21:33,0.108,35.244.174.68,10.0.2.15,443,36224,UDP,........,0,0,8,7422,0,0,0,0,0,0,0,0,0,0,0.0.0.0,0.0.0.0,0,0,00:00:00:00:00:00,00:00:00:00:00:00,00:00:00:00:00:00,00:00:00:00:00:00,0-0-0,0-0-0,0-0-0,0-0-0,0-0-0,0-0-0,0-0-0,0-0-0,0-0-0,0-0-0,0,0,0,127.0.0.1,0/0,1,39:01.4,,,
16/10/2022 21:33,16/10/2022 21:33,0.019,1.1.1.1,10.0.2.15,53,57733,UDP,........,0,0,2,320,0,0,0,0,0,0,0,0,0,0,0.0.0.0,0.0.0.0,0,0,00:00:00:00:00:00,00:00:00:00:00:00,00:00:00:00:00:00,00:00:00:00:00:00,0-0-0,0-0-0,0-0-0,0-0-0,0-0-0,0-0-0,0-0-0,0-0-0,0-0-0,0-0-0,0,0,0,127.0.0.1,0/0,1,39:01.4,,,
16/10/2022 21:33,16/10/2022 21:33,0.019,10.0.2.15,1.1.1.1,57733,53,UDP,........,0,0,2,128,0,0,0,0,0,0,0,0,0,0,0.0.0.0,0.0.0.0,0,0,00:00:00:00:00:00,00:00:00:00:00:00,00:00:00:00:00:00,00:00:00:00:00:00,0-0-0,0-0-0,0-0-0,0-0-0,0-0-0,0-0-0,0-0-0,0-0-0,0-0-0,0-0-0,0,0,0,127.0.0.1,0/0,1,39:01.4,,,
16/10/2022 21:33,16/10/2022 21:33,0.023,1.1.1.1,10.0.2.15,53,33492,UDP,........,0,0,2,406,0,0,0,0,0,0,0,0,0,0,0.0.0.0,0.0.0.0,0,0,00:00:00:00:00:00,00:00:00:00:00:00,00:00:00:00:00:00,00:00:00:00:00:00,0-0-0,0-0-0,0-0-0,0-0-0,0-0-0,0-0-0,0-0-0,0-0-0,0-0-0,0-0-0,0,0,0,127.0.0.1,0/0,1,39:01.4,,,
16/10/2022 21:33,16/10/2022 21:33,0.023,10.0.2.15,1.1.1.1,33492,53,UDP,........,0,0,2,140,0,0,0,0,0,0,0,0,0,0,0.0.0.0,0.0.0.0,0,0,00:00:00:00:00:00,00:00:00:00:00:00,00:00:00:00:00:00,00:00:00:00:00:00,0-0-0,0-0-0,0-0-0,0-0-0,0-0-0,0-0-0,0-0-0,0-0-0,0-0-0,0-0-0,0,0,0,127.0.0.1,0/0,1,39:01.4,,,
16/10/2022 21:33,16/10/2022 21:33,0.024,1.1.1.1,10.0.2.15,53,57937,UDP,........,0,0,2,406,0,0,0,0,0,0,0,0,0,0,0.0.0.0,0.0.0.0,0,0,00:00:00:00:00:00,00:00:00:00:00:00,00:00:00:00:00:00,00:00:00:00:00:00,0-0-0,0-0-0,0-0-0,0-0-0,0-0-0,0-0-0,0-0-0,0-0-0,0-0-0,0-0-0,0,0,0,127.0.0.1,0/0,1,39:01.4,,,
16/10/2022 21:33,16/10/2022 21:33,0.024,10.0.2.15,1.1.1.1,57937,53,UDP,........,0,0,2,140,0,0,0,0,0,0,0,0,0,0,0.0.0.0,0.0.0.0,0,0,00:00:00:00:00:00,00:00:00:00:00:00,00:00:00:00:00:00,00:00:00:00:00:00,0-0-0,0-0-0,0-0-0,0-0-0,0-0-0,0-0-0,0-0-0,0-0-0,0-0-0,0-0-0,0,0,0,127.0.0.1,0/0,1,39:01.4,,,
16/10/2022 21:33,16/10/2022 21:33,0.023,1.1.1.1,10.0.2.15,53,45792,UDP,........,0,0,2,385,0,0,0,0,0,0,0,0,0,0,0.0.0.0,0.0.0.0,0,0,00:00:00:00:00:00,00:00:00:00:00:00,00:00:00:00:00:00,00:00:00:00:00:00,0-0-0,0-0-0,0-0-0,0-0-0,0-0-0,0-0-0,0-0-0,0-0-0,0-0-0,0-0-0,0,0,0,127.0.0.1,0/0,1,39:01.4,,,
16/10/2022 21:33,16/10/2022 21:33,0.023,10.0.2.15,1.1.1.1,45792,53,UDP,........,0,0,2,128,0,0,0,0,0,0,0,0,0,0,0.0.0.0,0.0.0.0,0,0,00:00:00:00:00:00,00:00:00:00:00:00,00:00:00:00:00:00,00:00:00:00:00:00,0-0-0,0-0-0,0-0-0,0-0-0,0-0-0,0-0-0,0-0-0,0-0-0,0-0-0,0-0-0,0,0,0,127.0.0.1,0/0,1,39:01.4,,,
16/10/2022 21:33,16/10/2022 21:33,0.023,1.1.1.1,10.0.2.15,53,50623,UDP,........,0,0,2,316,0,0,0,0,0,0,0,0,0,0,0.0.0.0,0.0.0.0,0,0,00:00:00:00:00:00,00:00:00:00:00:00,00:00:00:00:00:00,00:00:00:00:00:00,0-0-0,0-0-0,0-0-0,0-0-0,0-0-0,0-0-0,0-0-0,0-0-0,0-0-0,0-0-0,0,0,0,127.0.0.1,0/0,1,39:01.4,,,
16/10/2022 21:33,16/10/2022 21:33,0.023,10.0.2.15,1.1.1.1,50623,53,UDP,........,0,0,2,128,0,0,0,0,0,0,0,0,0,0,0.0.0.0,0.0.0.0,0,0,00:00:00:00:00:00,00:00:00:00:00:00,00:00:00:00:00:00,00:00:00:00:00:00,0-0-0,0-0-0,0-0-0,0-0-0,0-0-0,0-0-0,0-0-0,0-0-0,0-0-0,0-0-0,0,0,0,127.0.0.1,0/0,1,39:01.4,,,
16/10/2022 21:33,16/10/2022 21:33,0.086,1.1.1.1,10.0.2.15,53,51076,UDP,........,0,0,2,434,0,0,0,0,0,0,0,0,0,0,0.0.0.0,0.0.0.0,0,0,00:00:00:00:00:00,00:00:00:00:00:00,00:00:00:00:00:00,00:00:00:00:00:00,0-0-0,0-0-0,0-0-0,0-0-0,0-0-0,0-0-0,0-0-0,0-0-0,0-0-0,0-0-0,0,0,0,127.0.0.1,0/0,1,39:01.4,,,
16/10/2022 21:33,16/10/2022 21:33,0.086,10.0.2.15,1.1.1.1,51076,53,UDP,........,0,0,2,124,0,0,0,0,0,0,0,0,0,0,0.0.0.0,0.0.0.0,0,0,00:00:00:00:00:00,00:00:00:00:00:00,00:00:00:00:00:00,00:00:00:00:00:00,0-0-0,0-0-0,0-0-0,0-0-0,0-0-0,0-0-0,0-0-0,0-0-0,0-0-0,0-0-0,0,0,0,127.0.0.1,0/0,1,39:01.4,,,
16/10/2022 21:33,16/10/2022 21:33,0.022,1.1.1.1,10.0.2.15,53,60181,UDP,........,0,0,2,312,0,0,0,0,0,0,0,0,0,0,0.0.0.0,0.0.0.0,0,0,00:00:00:00:00:00,00:00:00:00:00:00,00:00:00:00:00:00,00:00:00:00:00:00,0-0-0,0-0-0,0-0-0,0-0-0,0-0-0,0-0-0,0-0-0,0-0-0,0-0-0,0-0-0,0,0,0,127.0.0.1,0/0,1,39:01.4,,,
16/10/2022 21:33,16/10/2022 21:33,0.022,10.0.2.15,1.1.1.1,60181,53,UDP,........,0,0,2,120,0,0,0,0,0,0,0,0,0,0,0.0.0.0,0.0.0.0,0,0,00:00:00:00:00:00,00:00:00:00:00:00,00:00:00:00:00:00,00:00:00:00:00:00,0-0-0,0-0-0,0-0-0,0-0-0,0-0-0,0-0-0,0-0-0,0-0-0,0-0-0,0-0-0,0,0,0,127.0.0.1,0/0,1,39:01.4,,,
16/10/2022 21:33,16/10/2022 21:33,0.019,1.1.1.1,10.0.2.15,53,37842,UDP,........,0,0,2,174,0,0,0,0,0,0,0,0,0,0,0.0.0.0,0.0.0.0,0,0,00:00:00:00:00:00,00:00:00:00:00:00,00:00:00:00:00:00,00:00:00:00:00:00,0-0-0,0-0-0,0-0-0,0-0-0,0-0-0,0-0-0,0-0-0,0-0-0,0-0-0,0-0-0,0,0,0,127.0.0.1,0/0,1,39:01.4,,,
16/10/2022 21:33,16/10/2022 21:33,0.019,10.0.2.15,1.1.1.1,37842,53,UDP,........,0,0,2,130,0,0,0,0,0,0,0,0,0,0,0.0.0.0,0.0.0.0,0,0,00:00:00:00:00:00,00:00:00:00:00:00,00:00:00:00:00:00,00:00:00:00:00:00,0-0-0,0-0-0,0-0-0,0-0-0,0-0-0,0-0-0,0-0-0,0-0-0,0-0-0,0-0-0,0,0,0,127.0.0.1,0/0,1,39:01.4,,,
16/10/2022 21:33,16/10/2022 21:33,0.338,10.0.2.15,142.250.200.109,55818,443,TCP,...AP.SF,0,0,27,2193,0,0,0,0,0,0,0,0,0,0,0.0.0.0,0.0.0.0,0,0,00:00:00:00:00:00,00:00:00:00:00:00,00:00:00:00:00:00,00:00:00:00:00:00,0-0-0,0-0-0,0-0-0,0-0-0,0-0-0,0-0-0,0-0-0,0-0-0,0-0-0,0-0-0,0,0,0,127.0.0.1,0/0,1,39:01.4,,,
16/10/2022 21:33,16/10/2022 21:33,0.338,142.250.200.109,10.0.2.15,443,55818,TCP,...AP.SF,0,0,31,86374,0,0,0,0,0,0,0,0,0,0,0.0.0.0,0.0.0.0,0,0,00:00:00:00:00:00,00:00:00:00:00:00,00:00:00:00:00:00,00:00:00:00:00:00,0-0-0,0-0-0,0-0-0,0-0-0,0-0-0,0-0-0,0-0-0,0-0-0,0-0-0,0-0-0,0,0,0,127.0.0.1,0/0,1,39:01.4,,,
16/10/2022 21:33,16/10/2022 21:33,0.435,10.0.2.15,142.250.200.109,48329,443,UDP,........,0,0,9,2453,0,0,0,0,0,0,0,0,0,0,0.0.0.0,0.0.0.0,0,0,00:00:00:00:00:00,00:00:00:00:00:00,00:00:00:00:00:00,00:00:00:00:00:00,0-0-0,0-0-0,0-0-0,0-0-0,0-0-0,0-0-0,0-0-0,0-0-0,0-0-0,0-0-0,0,0,0,127.0.0.1,0/0,1,39:01.4,,,
16/10/2022 21:33,16/10/2022 21:33,0.435,142.250.200.109,10.0.2.15,443,48329,UDP,........,0,0,11,4379,0,0,0,0,0,0,0,0,0,0,0.0.0.0,0.0.0.0,0,0,00:00:00:00:00:00,00:00:00:00:00:00,00:00:00:00:00:00,00:00:00:00:00:00,0-0-0,0-0-0,0-0-0,0-0-0,0-0-0,0-0-0,0-0-0,0-0-0,0-0-0,0-0-0,0,0,0,127.0.0.1,0/0,1,39:01.4,,,
16/10/2022 21:33,16/10/2022 21:33,0.046,1.1.1.1,10.0.2.15,53,59792,UDP,........,0,0,2,376,0,0,0,0,0,0,0,0,0,0,0.0.0.0,0.0.0.0,0,0,00:00:00:00:00:00,00:00:00:00:00:00,00:00:00:00:00:00,00:00:00:00:00:00,0-0-0,0-0-0,0-0-0,0-0-0,0-0-0,0-0-0,0-0-0,0-0-0,0-0-0,0-0-0,0,0,0,127.0.0.1,0/0,1,39:01.4,,,
16/10/2022 21:33,16/10/2022 21:33,0.046,10.0.2.15,1.1.1.1,59792,53,UDP,........,0,0,2,110,0,0,0,0,0,0,0,0,0,0,0.0.0.0,0.0.0.0,0,0,00:00:00:00:00:00,00:00:00:00:00:00,00:00:00:00:00:00,00:00:00:00:00:00,0-0-0,0-0-0,0-0-0,0-0-0,0-0-0,0-0-0,0-0-0,0-0-0,0-0-0,0-0-0,0,0,0,127.0.0.1,0/0,1,39:01.4,,,
16/10/2022 21:32,16/10/2022 21:33,62.531,2.22.245.120,10.0.2.15,80,53926,TCP,...A...F,0,0,9,414,0,0,0,0,0,0,0,0,0,0,0.0.0.0,0.0.0.0,0,0,00:00:00:00:00:00,00:00:00:00:00:00,00:00:00:00:00:00,00:00:00:00:00:00,0-0-0,0-0-0,0-0-0,0-0-0,0-0-0,0-0-0,0-0-0,0-0-0,0-0-0,0-0-0,0,0,0,127.0.0.1,0/0,1,39:01.4,,,
16/10/2022 21:32,16/10/2022 21:33,62.531,10.0.2.15,2.22.245.120,53926,80,TCP,...A...F,0,0,9,360,0,0,0,0,0,0,0,0,0,0,0.0.0.0,0.0.0.0,0,0,00:00:00:00:00:00,00:00:00:00:00:00,00:00:00:00:00:00,00:00:00:00:00:00,0-0-0,0-0-0,0-0-0,0-0-0,0-0-0,0-0-0,0-0-0,0-0-0,0-0-0,0-0-0,0,0,0,127.0.0.1,0/0,1,39:01.4,,,
16/10/2022 21:32,16/10/2022 21:33,62.28,2.22.245.120,10.0.2.15,80,53938,TCP,...A...F,0,0,9,414,0,0,0,0,0,0,0,0,0,0,0.0.0.0,0.0.0.0,0,0,00:00:00:00:00:00,00:00:00:00:00:00,00:00:00:00:00:00,00:00:00:00:00:00,0-0-0,0-0-0,0-0-0,0-0-0,0-0-0,0-0-0,0-0-0,0-0-0,0-0-0,0-0-0,0,0,0,127.0.0.1,0/0,1,39:01.4,,,
16/10/2022 21:32,16/10/2022 21:33,62.28,10.0.2.15,2.22.245.120,53938,80,TCP,...A...F,0,0,9,360,0,0,0,0,0,0,0,0,0,0,0.0.0.0,0.0.0.0,0,0,00:00:00:00:00:00,00:00:00:00:00:00,00:00:00:00:00:00,00:00:00:00:00:00,0-0-0,0-0-0,0-0-0,0-0-0,0-0-0,0-0-0,0-0-0,0-0-0,0-0-0,0-0-0,0,0,0,127.0.0.1,0/0,1,39:01.4,,,
16/10/2022 21:32,16/10/2022 21:33,61.256,10.0.2.15,34.107.221.82,51418,80,TCP,...A...F,0,0,8,320,0,0,0,0,0,0,0,0,0,0,0.0.0.0,0.0.0.0,0,0,00:00:00:00:00:00,00:00:00:00:00:00,00:00:00:00:00:00,00:00:00:00:00:00,0-0-0,0-0-0,0-0-0,0-0-0,0-0-0,0-0-0,0-0-0,0-0-0,0-0-0,0-0-0,0,0,0,127.0.0.1,0/0,1,39:01.4,,,
16/10/2022 21:32,16/10/2022 21:33,61.256,34.107.221.82,10.0.2.15,80,51418,TCP,...A...F,0,0,8,368,0,0,0,0,0,0,0,0,0,0,0.0.0.0,0.0.0.0,0,0,00:00:00:00:00:00,00:00:00:00:00:00,00:00:00:00:00:00,00:00:00:00:00:00,0-0-0,0-0-0,0-0-0,0-0-0,0-0-0,0-0-0,0-0-0,0-0-0,0-0-0,0-0-0,0,0,0,127.0.0.1,0/0,1,39:01.4,,,
16/10/2022 21:32,16/10/2022 21:33,59.972,10.0.2.15,142.250.178.163,57658,80,TCP,...AP..F,0,0,11,1276,0,0,0,0,0,0,0,0,0,0,0.0.0.0,0.0.0.0,0,0,00:00:00:00:00:00,00:00:00:00:00:00,00:00:00:00:00:00,00:00:00:00:00:00,0-0-0,0-0-0,0-0-0,0-0-0,0-0-0,0-0-0,0-0-0,0-0-0,0-0-0,0-0-0,0,0,0,127.0.0.1,0/0,1,39:01.4,,,
16/10/2022 21:32,16/10/2022 21:33,59.972,142.250.178.163,10.0.2.15,80,57658,TCP,...AP..F,0,0,11,1896,0,0,0,0,0,0,0,0,0,0,0.0.0.0,0.0.0.0,0,0,00:00:00:00:00:00,00:00:00:00:00:00,00:00:00:00:00:00,00:00:00:00:00:00,0-0-0,0-0-0,0-0-0,0-0-0,0-0-0,0-0-0,0-0-0,0-0-0,0-0-0,0-0-0,0,0,0,127.0.0.1,0/0,1,39:01.4,,,
16/10/2022 21:32,16/10/2022 21:33,59.241,10.0.2.15,18.66.15.11,46460,443,TCP,...AP..F,0,0,9,384,0,0,0,0,0,0,0,0,0,0,0.0.0.0,0.0.0.0,0,0,00:00:00:00:00:00,00:00:00:00:00:00,00:00:00:00:00:00,00:00:00:00:00:00,0-0-0,0-0-0,0-0-0,0-0-0,0-0-0,0-0-0,0-0-0,0-0-0,0-0-0,0-0-0,0,0,0,127.0.0.1,0/0,1,39:01.4,,,
16/10/2022 21:32,16/10/2022 21:33,59.241,18.66.15.11,10.0.2.15,443,46460,TCP,...A...F,0,0,9,414,0,0,0,0,0,0,0,0,0,0,0.0.0.0,0.0.0.0,0,0,00:00:00:00:00:00,00:00:00:00:00:00,00:00:00:00:00:00,00:00:00:00:00:00,0-0-0,0-0-0,0-0-0,0-0-0,0-0-0,0-0-0,0-0-0,0-0-0,0-0-0,0-0-0,0,0,0,127.0.0.1,0/0,1,39:01.4,,,
16/10/2022 21:32,16/10/2022 21:33,59.208,10.0.2.15,216.58.215.131,50340,80,TCP,...A...F,0,0,8,320,0,0,0,0,0,0,0,0,0,0,0.0.0.0,0.0.0.0,0,0,00:00:00:00:00:00,00:00:00:00:00:00,00:00:00:00:00:00,00:00:00:00:00:00,0-0-0,0-0-0,0-0-0,0-0-0,0-0-0,0-0-0,0-0-0,0-0-0,0-0-0,0-0-0,0,0,0,127.0.0.1,0/0,1,39:01.4,,,
16/10/2022 21:32,16/10/2022 21:33,59.208,216.58.215.131,10.0.2.15,80,50340,TCP,...A...F,0,0,8,368,0,0,0,0,0,0,0,0,0,0,0.0.0.0,0.0.0.0,0,0,00:00:00:00:00:00,00:00:00:00:00:00,00:00:00:00:00:00,00:00:00:00:00:00,0-0-0,0-0-0,0-0-0,0-0-0,0-0-0,0-0-0,0-0-0,0-0-0,0-0-0,0-0-0,0,0,0,127.0.0.1,0/0,1,39:01.4,,,
16/10/2022 21:32,16/10/2022 21:33,58.782,10.0.2.15,93.184.220.29,45576,80,TCP,...AP..F,0,0,14,2224,0,0,0,0,0,0,0,0,0,0,0.0.0.0,0.0.0.0,0,0,00:00:00:00:00:00,00:00:00:00:00:00,00:00:00:00:00:00,00:00:00:00:00:00,0-0-0,0-0-0,0-0-0,0-0-0,0-0-0,0-0-0,0-0-0,0-0-0,0-0-0,0-0-0,0,0,0,127.0.0.1,0/0,1,39:01.4,,,
16/10/2022 21:32,16/10/2022 21:33,58.782,93.184.220.29,10.0.2.15,80,45576,TCP,...AP..F,0,0,14,3816,0,0,0,0,0,0,0,0,0,0,0.0.0.0,0.0.0.0,0,0,00:00:00:00:00:00,00:00:00:00:00:00,00:00:00:00:00:00,00:00:00:00:00:00,0-0-0,0-0-0,0-0-0,0-0-0,0-0-0,0-0-0,0-0-0,0-0-0,0-0-0,0-0-0,0,0,0,127.0.0.1,0/0,1,39:01.4,,,
16/10/2022 21:32,16/10/2022 21:33,56.136,10.0.2.15,93.184.220.29,37754,80,TCP,...A...F,0,0,8,320,0,0,0,0,0,0,0,0,0,0,0.0.0.0,0.0.0.0,0,0,00:00:00:00:00:00,00:00:00:00:00:00,00:00:00:00:00:00,00:00:00:00:00:00,0-0-0,0-0-0,0-0-0,0-0-0,0-0-0,0-0-0,0-0-0,0-0-0,0-0-0,0-0-0,0,0,0,127.0.0.1,0/0,1,39:01.4,,,
16/10/2022 21:32,16/10/2022 21:33,56.136,93.184.220.29,10.0.2.15,80,37754,TCP,...A...F,0,0,8,368,0,0,0,0,0,0,0,0,0,0,0.0.0.0,0.0.0.0,0,0,00:00:00:00:00:00,00:00:00:00:00:00,00:00:00:00:00:00,00:00:00:00:00:00,0-0-0,0-0-0,0-0-0,0-0-0,0-0-0,0-0-0,0-0-0,0-0-0,0-0-0,0-0-0,0,0,0,127.0.0.1,0/0,1,39:01.4,,,
16/10/2022 21:32,16/10/2022 21:33,55.902,10.0.2.15,18.66.15.11,46464,443,TCP,...AP..F,0,0,9,391,0,0,0,0,0,0,0,0,0,0,0.0.0.0,0.0.0.0,0,0,00:00:00:00:00:00,00:00:00:00:00:00,00:00:00:00:00:00,00:00:00:00:00:00,0-0-0,0-0-0,0-0-0,0-0-0,0-0-0,0-0-0,0-0-0,0-0-0,0-0-0,0-0-0,0,0,0,127.0.0.1,0/0,1,39:01.4,,,
16/10/2022 21:32,16/10/2022 21:33,55.902,18.66.15.11,10.0.2.15,443,46464,TCP,...A...F,0,0,9,414,0,0,0,0,0,0,0,0,0,0,0.0.0.0,0.0.0.0,0,0,00:00:00:00:00:00,00:00:00:00:00:00,00:00:00:00:00:00,00:00:00:00:00:00,0-0-0,0-0-0,0-0-0,0-0-0,0-0-0,0-0-0,0-0-0,0-0-0,0-0-0,0-0-0,0,0,0,127.0.0.1,0/0,1,39:01.4,,,
16/10/2022 21:32,16/10/2022 21:33,52.94,10.0.2.15,142.250.200.67,60106,443,TCP,...AP..F,0,0,6,342,0,0,0,0,0,0,0,0,0,0,0.0.0.0,0.0.0.0,0,0,00:00:00:00:00:00,00:00:00:00:00:00,00:00:00:00:00:00,00:00:00:00:00:00,0-0-0,0-0-0,0-0-0,0-0-0,0-0-0,0-0-0,0-0-0,0-0-0,0-0-0,0-0-0,0,0,0,127.0.0.1,0/0,1,39:01.4,,,
16/10/2022 21:32,16/10/2022 21:33,52.94,142.250.200.67,10.0.2.15,443,60106,TCP,...AP..F,0,0,6,309,0,0,0,0,0,0,0,0,0,0,0.0.0.0,0.0.0.0,0,0,00:00:00:00:00:00,00:00:00:00:00:00,00:00:00:00:00:00,00:00:00:00:00:00,0-0-0,0-0-0,0-0-0,0-0-0,0-0-0,0-0-0,0-0-0,0-0-0,0-0-0,0-0-0,0,0,0,127.0.0.1,0/0,1,39:01.4,,,
16/10/2022 21:32,16/10/2022 21:33,52.94,10.0.2.15,34.117.237.239,40068,443,TCP,...AP..F,0,0,6,342,0,0,0,0,0,0,0,0,0,0,0.0.0.0,0.0.0.0,0,0,00:00:00:00:00:00,00:00:00:00:00:00,00:00:00:00:00:00,00:00:00:00:00:00,0-0-0,0-0-0,0-0-0,0-0-0,0-0-0,0-0-0,0-0-0,0-0-0,0-0-0,0-0-0,0,0,0,127.0.0.1,0/0,1,39:01.4,,,
16/10/2022 21:32,16/10/2022 21:33,52.94,34.117.237.239,10.0.2.15,443,40068,TCP,...AP..F,0,0,6,309,0,0,0,0,0,0,0,0,0,0,0.0.0.0,0.0.0.0,0,0,00:00:00:00:00:00,00:00:00:00:00:00,00:00:00:00:00:00,00:00:00:00:00:00,0-0-0,0-0-0,0-0-0,0-0-0,0-0-0,0-0-0,0-0-0,0-0-0,0-0-0,0-0-0,0,0,0,127.0.0.1,0/0,1,39:01.4,,,
16/10/2022 21:32,16/10/2022 21:33,52.835,10.0.2.15,142.250.200.77,45848,443,TCP,...AP.SF,0,0,13,1385,0,0,0,0,0,0,0,0,0,0,0.0.0.0,0.0.0.0,0,0,00:00:00:00:00:00,00:00:00:00:00:00,00:00:00:00:00:00,00:00:00:00:00:00,0-0-0,0-0-0,0-0-0,0-0-0,0-0-0,0-0-0,0-0-0,0-0-0,0-0-0,0-0-0,0,0,0,127.0.0.1,0/0,1,39:01.4,,,
16/10/2022 21:32,16/10/2022 21:33,52.835,142.250.200.77,10.0.2.15,443,45848,TCP,...AP.SF,0,0,12,5499,0,0,0,0,0,0,0,0,0,0,0.0.0.0,0.0.0.0,0,0,00:00:00:00:00:00,00:00:00:00:00:00,00:00:00:00:00:00,00:00:00:00:00:00,0-0-0,0-0-0,0-0-0,0-0-0,0-0-0,0-0-0,0-0-0,0-0-0,0-0-0,0-0-0,0,0,0,127.0.0.1,0/0,1,39:01.4,,,
16/10/2022 21:32,16/10/2022 21:33,50.728,10.0.2.15,142.250.200.99,43998,443,TCP,...AP.SF,0,0,27,2415,0,0,0,0,0,0,0,0,0,0,0.0.0.0,0.0.0.0,0,0,00:00:00:00:00:00,00:00:00:00:00:00,00:00:00:00:00:00,00:00:00:00:00:00,0-0-0,0-0-0,0-0-0,0-0-0,0-0-0,0-0-0,0-0-0,0-0-0,0-0-0,0-0-0,0,0,0,127.0.0.1,0/0,1,39:01.4,,,
16/10/2022 21:32,16/10/2022 21:33,50.728,142.250.200.99,10.0.2.15,443,43998,TCP,...AP.SF,0,0,31,62658,0,0,0,0,0,0,0,0,0,0,0.0.0.0,0.0.0.0,0,0,00:00:00:00:00:00,00:00:00:00:00:00,00:00:00:00:00:00,00:00:00:00:00:00,0-0-0,0-0-0,0-0-0,0-0-0,0-0-0,0-0-0,0-0-0,0-0-0,0-0-0,0-0-0,0,0,0,127.0.0.1,0/0,1,39:01.4,,,
16/10/2022 21:32,16/10/2022 21:33,48.731,10.0.2.15,34.160.144.191,37652,443,TCP,...AP..F,0,0,9,699,0,0,0,0,0,0,0,0,0,0,0.0.0.0,0.0.0.0,0,0,00:00:00:00:00:00,00:00:00:00:00:00,00:00:00:00:00:00,00:00:00:00:00:00,0-0-0,0-0-0,0-0-0,0-0-0,0-0-0,0-0-0,0-0-0,0-0-0,0-0-0,0-0-0,0,0,0,127.0.0.1,0/0,1,39:01.4,,,
16/10/2022 21:32,16/10/2022 21:33,48.731,34.160.144.191,10.0.2.15,443,37652,TCP,...AP..F,0,0,9,564,0,0,0,0,0,0,0,0,0,0,0.0.0.0,0.0.0.0,0,0,00:00:00:00:00:00,00:00:00:00:00:00,00:00:00:00:00:00,00:00:00:00:00:00,0-0-0,0-0-0,0-0-0,0-0-0,0-0-0,0-0-0,0-0-0,0-0-0,0-0-0,0-0-0,0,0,0,127.0.0.1,0/0,1,39:01.4,,,
16/10/2022 21:32,16/10/2022 21:33,47.2,10.0.2.15,34.120.115.102,59198,443,TCP,...AP..F,0,0,8,673,0,0,0,0,0,0,0,0,0,0,0.0.0.0,0.0.0.0,0,0,00:00:00:00:00:00,00:00:00:00:00:00,00:00:00:00:00:00,00:00:00:00:00:00,0-0-0,0-0-0,0-0-0,0-0-0,0-0-0,0-0-0,0-0-0,0-0-0,0-0-0,0-0-0,0,0,0,127.0.0.1,0/0,1,39:01.4,,,
16/10/2022 21:32,16/10/2022 21:33,47.2,34.120.115.102,10.0.2.15,443,59198,TCP,...AP..F,0,0,10,614,0,0,0,0,0,0,0,0,0,0,0.0.0.0,0.0.0.0,0,0,00:00:00:00:00:00,00:00:00:00:00:00,00:00:00:00:00:00,00:00:00:00:00:00,0-0-0,0-0-0,0-0-0,0-0-0,0-0-0,0-0-0,0-0-0,0-0-0,0-0-0,0-0-0,0,0,0,127.0.0.1,0/0,1,39:01.4,,,
16/10/2022 21:32,16/10/2022 21:33,38.199,10.0.2.15,52.95.120.38,48242,80,TCP,...AP.SF,0,0,9,713,0,0,0,0,0,0,0,0,0,0,0.0.0.0,0.0.0.0,0,0,00:00:00:00:00:00,00:00:00:00:00:00,00:00:00:00:00:00,00:00:00:00:00:00,0-0-0,0-0-0,0-0-0,0-0-0,0-0-0,0-0-0,0-0-0,0-0-0,0-0-0,0-0-0,0,0,0,127.0.0.1,0/0,1,39:01.4,,,
16/10/2022 21:32,16/10/2022 21:33,38.199,52.95.120.38,10.0.2.15,80,48242,TCP,...AP.SF,0,0,8,712,0,0,0,0,0,0,0,0,0,0,0.0.0.0,0.0.0.0,0,0,00:00:00:00:00:00,00:00:00:00:00:00,00:00:00:00:00:00,00:00:00:00:00:00,0-0-0,0-0-0,0-0-0,0-0-0,0-0-0,0-0-0,0-0-0,0-0-0,0-0-0,0-0-0,0,0,0,127.0.0.1,0/0,1,39:01.4,,,
16/10/2022 21:32,16/10/2022 21:33,38.061,10.0.2.15,54.239.33.90,54690,443,TCP,...AP.SF,0,0,14,1714,0,0,0,0,0,0,0,0,0,0,0.0.0.0,0.0.0.0,0,0,00:00:00:00:00:00,00:00:00:00:00:00,00:00:00:00:00:00,00:00:00:00:00:00,0-0-0,0-0-0,0-0-0,0-0-0,0-0-0,0-0-0,0-0-0,0-0-0,0-0-0,0-0-0,0,0,0,127.0.0.1,0/0,1,39:01.4,,,
16/10/2022 21:32,16/10/2022 21:33,38.061,54.239.33.90,10.0.2.15,443,54690,TCP,...AP.SF,0,0,14,7091,0,0,0,0,0,0,0,0,0,0,0.0.0.0,0.0.0.0,0,0,00:00:00:00:00:00,00:00:00:00:00:00,00:00:00:00:00:00,00:00:00:00:00:00,0-0-0,0-0-0,0-0-0,0-0-0,0-0-0,0-0-0,0-0-0,0-0-0,0-0-0,0-0-0,0,0,0,127.0.0.1,0/0,1,39:01.4,,,
16/10/2022 21:32,16/10/2022 21:33,37.394,10.0.2.15,34.252.249.214,57886,443,TCP,...AP.SF,0,0,122,76232,0,0,0,0,0,0,0,0,0,0,0.0.0.0,0.0.0.0,0,0,00:00:00:00:00:00,00:00:00:00:00:00,00:00:00:00:00:00,00:00:00:00:00:00,0-0-0,0-0-0,0-0-0,0-0-0,0-0-0,0-0-0,0-0-0,0-0-0,0-0-0,0-0-0,0,0,0,127.0.0.1,0/0,1,39:01.4,,,
16/10/2022 21:32,16/10/2022 21:33,37.394,34.252.249.214,10.0.2.15,443,57886,TCP,...AP.SF,0,0,147,22485,0,0,0,0,0,0,0,0,0,0,0.0.0.0,0.0.0.0,0,0,00:00:00:00:00:00,00:00:00:00:00:00,00:00:00:00:00:00,00:00:00:00:00:00,0-0-0,0-0-0,0-0-0,0-0-0,0-0-0,0-0-0,0-0-0,0-0-0,0-0-0,0-0-0,0,0,0,127.0.0.1,0/0,1,39:01.4,,,
16/10/2022 21:32,16/10/2022 21:33,36.951,10.0.2.15,18.66.121.98,52318,80,TCP,...AP.SF,0,0,11,1310,0,0,0,0,0,0,0,0,0,0,0.0.0.0,0.0.0.0,0,0,00:00:00:00:00:00,00:00:00:00:00:00,00:00:00:00:00:00,00:00:00:00:00:00,0-0-0,0-0-0,0-0-0,0-0-0,0-0-0,0-0-0,0-0-0,0-0-0,0-0-0,0-0-0,0,0,0,127.0.0.1,0/0,1,39:01.4,,,
16/10/2022 21:32,16/10/2022 21:33,36.951,18.66.121.98,10.0.2.15,80,52318,TCP,...AP.SF,0,0,10,2459,0,0,0,0,0,0,0,0,0,0,0.0.0.0,0.0.0.0,0,0,00:00:00:00:00:00,00:00:00:00:00:00,00:00:00:00:00:00,00:00:00:00:00:00,0-0-0,0-0-0,0-0-0,0-0-0,0-0-0,0-0-0,0-0-0,0-0-0,0-0-0,0-0-0,0,0,0,127.0.0.1,0/0,1,39:01.4,,,
16/10/2022 21:32,16/10/2022 21:33,35.082,10.0.2.15,52.94.220.185,58688,443,TCP,...AP.SF,0,0,16,2636,0,0,0,0,0,0,0,0,0,0,0.0.0.0,0.0.0.0,0,0,00:00:00:00:00:00,00:00:00:00:00:00,00:00:00:00:00:00,00:00:00:00:00:00,0-0-0,0-0-0,0-0-0,0-0-0,0-0-0,0-0-0,0-0-0,0-0-0,0-0-0,0-0-0,0,0,0,127.0.0.1,0/0,1,39:01.4,,,
16/10/2022 21:32,16/10/2022 21:33,35.082,52.94.220.185,10.0.2.15,443,58688,TCP,...AP.SF,0,0,16,8612,0,0,0,0,0,0,0,0,0,0,0.0.0.0,0.0.0.0,0,0,00:00:00:00:00:00,00:00:00:00:00:00,00:00:00:00:00:00,00:00:00:00:00:00,0-0-0,0-0-0,0-0-0,0-0-0,0-0-0,0-0-0,0-0-0,0-0-0,0-0-0,0-0-0,0,0,0,127.0.0.1,0/0,1,39:01.4,,,
16/10/2022 21:32,16/10/2022 21:33,34.613,10.0.2.15,52.95.126.192,54082,443,TCP,...AP.SF,0,0,16,3656,0,0,0,0,0,0,0,0,0,0,0.0.0.0,0.0.0.0,0,0,00:00:00:00:00:00,00:00:00:00:00:00,00:00:00:00:00:00,00:00:00:00:00:00,0-0-0,0-0-0,0-0-0,0-0-0,0-0-0,0-0-0,0-0-0,0-0-0,0-0-0,0-0-0,0,0,0,127.0.0.1,0/0,1,39:01.4,,,
16/10/2022 21:32,16/10/2022 21:33,34.613,52.95.126.192,10.0.2.15,443,54082,TCP,...AP.SF,0,0,16,8293,0,0,0,0,0,0,0,0,0,0,0.0.0.0,0.0.0.0,0,0,00:00:00:00:00:00,00:00:00:00:00:00,00:00:00:00:00:00,00:00:00:00:00:00,0-0-0,0-0-0,0-0-0,0-0-0,0-0-0,0-0-0,0-0-0,0-0-0,0-0-0,0-0-0,0,0,0,127.0.0.1,0/0,1,39:01.4,,,
16/10/2022 21:32,16/10/2022 21:33,34.469,10.0.2.15,52.95.119.2,46820,443,TCP,...AP.SF,0,0,22,5760,0,0,0,0,0,0,0,0,0,0,0.0.0.0,0.0.0.0,0,0,00:00:00:00:00:00,00:00:00:00:00:00,00:00:00:00:00:00,00:00:00:00:00:00,0-0-0,0-0-0,0-0-0,0-0-0,0-0-0,0-0-0,0-0-0,0-0-0,0-0-0,0-0-0,0,0,0,127.0.0.1,0/0,1,39:01.4,,,
16/10/2022 21:32,16/10/2022 21:33,34.469,52.95.119.2,10.0.2.15,443,46820,TCP,...AP.SF,0,0,22,9712,0,0,0,0,0,0,0,0,0,0,0.0.0.0,0.0.0.0,0,0,00:00:00:00:00:00,00:00:00:00:00:00,00:00:00:00:00:00,00:00:00:00:00:00,0-0-0,0-0-0,0-0-0,0-0-0,0-0-0,0-0-0,0-0-0,0-0-0,0-0-0,0-0-0,0,0,0,127.0.0.1,0/0,1,39:01.4,,,
16/10/2022 21:32,16/10/2022 21:33,33.764,10.0.2.15,52.95.118.208,39708,443,TCP,...AP.SF,0,0,14,2033,0,0,0,0,0,0,0,0,0,0,0.0.0.0,0.0.0.0,0,0,00:00:00:00:00:00,00:00:00:00:00:00,00:00:00:00:00:00,00:00:00:00:00:00,0-0-0,0-0-0,0-0-0,0-0-0,0-0-0,0-0-0,0-0-0,0-0-0,0-0-0,0-0-0,0,0,0,127.0.0.1,0/0,1,39:01.4,,,
16/10/2022 21:32,16/10/2022 21:33,33.764,52.95.118.208,10.0.2.15,443,39708,TCP,...AP.SF,0,0,14,7234,0,0,0,0,0,0,0,0,0,0,0.0.0.0,0.0.0.0,0,0,00:00:00:00:00:00,00:00:00:00:00:00,00:00:00:00:00:00,00:00:00:00:00:00,0-0-0,0-0-0,0-0-0,0-0-0,0-0-0,0-0-0,0-0-0,0-0-0,0-0-0,0-0-0,0,0,0,127.0.0.1,0/0,1,39:01.4,,,
16/10/2022 21:32,16/10/2022 21:33,31.596,10.0.2.15,35.85.87.192,34688,443,TCP,...AP.SF,0,0,14,1809,0,0,0,0,0,0,0,0,0,0,0.0.0.0,0.0.0.0,0,0,00:00:00:00:00:00,00:00:00:00:00:00,00:00:00:00:00:00,00:00:00:00:00:00,0-0-0,0-0-0,0-0-0,0-0-0,0-0-0,0-0-0,0-0-0,0-0-0,0-0-0,0-0-0,0,0,0,127.0.0.1,0/0,1,39:01.4,,,
16/10/2022 21:32,16/10/2022 21:33,31.596,35.85.87.192,10.0.2.15,443,34688,TCP,...AP.SF,0,0,15,6728,0,0,0,0,0,0,0,0,0,0,0.0.0.0,0.0.0.0,0,0,00:00:00:00:00:00,00:00:00:00:00:00,00:00:00:00:00:00,00:00:00:00:00:00,0-0-0,0-0-0,0-0-0,0-0-0,0-0-0,0-0-0,0-0-0,0-0-0,0-0-0,0-0-0,0,0,0,127.0.0.1,0/0,1,39:01.4,,,
16/10/2022 21:32,16/10/2022 21:33,30.762,10.0.2.15,108.157.34.119,42508,443,TCP,...AP.SF,0,0,13,1587,0,0,0,0,0,0,0,0,0,0,0.0.0.0,0.0.0.0,0,0,00:00:00:00:00:00,00:00:00:00:00:00,00:00:00:00:00:00,00:00:00:00:00:00,0-0-0,0-0-0,0-0-0,0-0-0,0-0-0,0-0-0,0-0-0,0-0-0,0-0-0,0-0-0,0,0,0,127.0.0.1,0/0,1,39:01.4,,,
16/10/2022 21:32,16/10/2022 21:33,30.762,108.157.34.119,10.0.2.15,443,42508,TCP,...AP.SF,0,0,12,7182,0,0,0,0,0,0,0,0,0,0,0.0.0.0,0.0.0.0,0,0,00:00:00:00:00:00,00:00:00:00:00:00,00:00:00:00:00:00,00:00:00:00:00:00,0-0-0,0-0-0,0-0-0,0-0-0,0-0-0,0-0-0,0-0-0,0-0-0,0-0-0,0-0-0,0,0,0,127.0.0.1,0/0,1,39:01.4,,,
16/10/2022 21:32,16/10/2022 21:33,30.437,10.0.2.15,52.95.127.145,56180,443,TCP,...AP.SF,0,0,50,145543,0,0,0,0,0,0,0,0,0,0,0.0.0.0,0.0.0.0,0,0,00:00:00:00:00:00,00:00:00:00:00:00,00:00:00:00:00:00,00:00:00:00:00:00,0-0-0,0-0-0,0-0-0,0-0-0,0-0-0,0-0-0,0-0-0,0-0-0,0-0-0,0-0-0,0,0,0,127.0.0.1,0/0,1,39:01.4,,,
16/10/2022 21:32,16/10/2022 21:33,30.437,52.95.127.145,10.0.2.15,443,56180,TCP,...AP.SF,0,0,115,13467,0,0,0,0,0,0,0,0,0,0,0.0.0.0,0.0.0.0,0,0,00:00:00:00:00:00,00:00:00:00:00:00,00:00:00:00:00:00,00:00:00:00:00:00,0-0-0,0-0-0,0-0-0,0-0-0,0-0-0,0-0-0,0-0-0,0-0-0,0-0-0,0-0-0,0,0,0,127.0.0.1,0/0,1,39:01.4,,,
16/10/2022 21:33,16/10/2022 21:33,8.785,10.0.2.15,104.18.32.68,48062,80,TCP,...AP.SF,0,0,6,675,0,0,0,0,0,0,0,0,0,0,0.0.0.0,0.0.0.0,0,0,00:00:00:00:00:00,00:00:00:00:00:00,00:00:00:00:00:00,00:00:00:00:00:00,0-0-0,0-0-0,0-0-0,0-0-0,0-0-0,0-0-0,0-0-0,0-0-0,0-0-0,0-0-0,0,0,0,127.0.0.1,0/0,1,39:01.4,,,
16/10/2022 21:33,16/10/2022 21:33,8.785,104.18.32.68,10.0.2.15,80,48062,TCP,...AP.SF,0,0,5,1189,0,0,0,0,0,0,0,0,0,0,0.0.0.0,0.0.0.0,0,0,00:00:00:00:00:00,00:00:00:00:00:00,00:00:00:00:00:00,00:00:00:00:00:00,0-0-0,0-0-0,0-0-0,0-0-0,0-0-0,0-0-0,0-0-0,0-0-0,0-0-0,0-0-0,0,0,0,127.0.0.1,0/0,1,39:01.4,,,
16/10/2022 21:33,16/10/2022 21:33,6.202,10.0.2.15,18.102.1.43,36944,443,TCP,...AP.SF,0,0,17,5471,0,0,0,0,0,0,0,0,0,0,0.0.0.0,0.0.0.0,0,0,00:00:00:00:00:00,00:00:00:00:00:00,00:00:00:00:00:00,00:00:00:00:00:00,0-0-0,0-0-0,0-0-0,0-0-0,0-0-0,0-0-0,0-0-0,0-0-0,0-0-0,0-0-0,0,0,0,127.0.0.1,0/0,1,39:01.4,,,
16/10/2022 21:33,16/10/2022 21:33,6.202,18.102.1.43,10.0.2.15,443,36944,TCP,...AP.SF,0,0,19,5218,0,0,0,0,0,0,0,0,0,0,0.0.0.0,0.0.0.0,0,0,00:00:00:00:00:00,00:00:00:00:00:00,00:00:00:00:00:00,00:00:00:00:00:00,0-0-0,0-0-0,0-0-0,0-0-0,0-0-0,0-0-0,0-0-0,0-0-0,0-0-0,0-0-0,0,0,0,127.0.0.1,0/0,1,39:01.4,,,
16/10/2022 21:33,16/10/2022 21:33,6.045,10.0.2.15,172.64.155.188,53336,80,TCP,...AP.SF,0,0,6,677,0,0,0,0,0,0,0,0,0,0,0.0.0.0,0.0.0.0,0,0,00:00:00:00:00:00,00:00:00:00:00:00,00:00:00:00:00:00,00:00:00:00:00:00,0-0-0,0-0-0,0-0-0,0-0-0,0-0-0,0-0-0,0-0-0,0-0-0,0-0-0,0-0-0,0,0,0,127.0.0.1,0/0,1,39:01.4,,,
16/10/2022 21:33,16/10/2022 21:33,6.045,172.64.155.188,10.0.2.15,80,53336,TCP,...AP.SF,0,0,5,1241,0,0,0,0,0,0,0,0,0,0,0.0.0.0,0.0.0.0,0,0,00:00:00:00:00:00,00:00:00:00:00:00,00:00:00:00:00:00,00:00:00:00:00:00,0-0-0,0-0-0,0-0-0,0-0-0,0-0-0,0-0-0,0-0-0,0-0-0,0-0-0,0-0-0,0,0,0,127.0.0.1,0/0,1,39:01.4,,,
16/10/2022 21:33,16/10/2022 21:33,5.742,10.0.2.15,35.244.181.201,35258,443,TCP,...AP.SF,0,0,17,1685,0,0,0,0,0,0,0,0,0,0,0.0.0.0,0.0.0.0,0,0,00:00:00:00:00:00,00:00:00:00:00:00,00:00:00:00:00:00,00:00:00:00:00:00,0-0-0,0-0-0,0-0-0,0-0-0,0-0-0,0-0-0,0-0-0,0-0-0,0-0-0,0-0-0,0,0,0,127.0.0.1,0/0,1,39:01.4,,,
16/10/2022 21:33,16/10/2022 21:33,5.742,35.244.181.201,10.0.2.15,443,35258,TCP,...AP.SF,0,0,16,5635,0,0,0,0,0,0,0,0,0,0,0.0.0.0,0.0.0.0,0,0,00:00:00:00:00:00,00:00:00:00:00:00,00:00:00:00:00:00,00:00:00:00:00:00,0-0-0,0-0-0,0-0-0,0-0-0,0-0-0,0-0-0,0-0-0,0-0-0,0-0-0,0-0-0,0,0,0,127.0.0.1,0/0,1,39:01.4,,,
Summary,,,,,,,,,,,,,,,,,,,,,,,,,,,,,,,,,,,,,,,,,,,,,,,,,,
flows,bytes,packets,avg_bps,avg_pps,avg_bpp,,,,,,,,,,,,,,,,,,,,,,,,,,,,,,,,,,,,,,,,,,,,,
266,16912223,6341,2157756,101,2667,,,,,,,,,,,,,,,,,,,,,,,,,,,,,,,,,,,,,,,,,,,,,
