ts,te,td,sa,da,sp,dp,pr,flg,fwd,stos,ipkt,ibyt,opkt,obyt,in,out,sas,das,smk,dmk,dtos,dir,nh,nhb,svln,dvln,ismc,odmc,idmc,osmc,mpls1,mpls2,mpls3,mpls4,mpls5,mpls6,mpls7,mpls8,mpls9,mpls10,cl,sl,al,ra,eng,exid,tr
2023-01-15 21:19:35,2023-01-15 21:19:35,0.019,1.1.1.1,10.0.2.15,53,41091,UDP,........,0,0,1,81,0,0,0,0,0,0,0,0,0,0,0.0.0.0,0.0.0.0,0,0,00:00:00:00:00:00,00:00:00:00:00:00,00:00:00:00:00:00,00:00:00:00:00:00,0-0-0,0-0-0,0-0-0,0-0-0,0-0-0,0-0-0,0-0-0,0-0-0,0-0-0,0-0-0,    0.000,    0.000,    0.000,0.0.0.0,0/0,1,1970-01-01 00:00:00.000
2023-01-15 21:19:35,2023-01-15 21:19:35,0.019,10.0.2.15,1.1.1.1,41091,53,UDP,........,0,0,1,65,0,0,0,0,0,0,0,0,0,0,0.0.0.0,0.0.0.0,0,0,00:00:00:00:00:00,00:00:00:00:00:00,00:00:00:00:00:00,00:00:00:00:00:00,0-0-0,0-0-0,0-0-0,0-0-0,0-0-0,0-0-0,0-0-0,0-0-0,0-0-0,0-0-0,    0.000,    0.000,    0.000,0.0.0.0,0/0,1,1970-01-01 00:00:00.000
2023-01-15 21:19:35,2023-01-15 21:19:35,0.123,10.0.2.15,142.250.185.13,48490,443,TCP,...AP.S.,0,0,12,1596,0,0,0,0,0,0,0,0,0,0,0.0.0.0,0.0.0.0,0,0,00:00:00:00:00:00,00:00:00:00:00:00,00:00:00:00:00:00,00:00:00:00:00:00,0-0-0,0-0-0,0-0-0,0-0-0,0-0-0,0-0-0,0-0-0,0-0-0,0-0-0,0-0-0,    0.000,    0.000,    0.000,0.0.0.0,0/0,1,1970-01-01 00:00:00.000
2023-01-15 21:19:35,2023-01-15 21:19:35,0.123,142.250.185.13,10.0.2.15,443,48490,TCP,...AP.S.,0,0,12,7559,0,0,0,0,0,0,0,0,0,0,0.0.0.0,0.0.0.0,0,0,00:00:00:00:00:00,00:00:00:00:00:00,00:00:00:00:00:00,00:00:00:00:00:00,0-0-0,0-0-0,0-0-0,0-0-0,0-0-0,0-0-0,0-0-0,0-0-0,0-0-0,0-0-0,    0.000,    0.000,    0.000,0.0.0.0,0/0,1,1970-01-01 00:00:00.000
2023-01-15 21:19:35,2023-01-15 21:19:38,3.007,10.0.2.15,239.255.255.250,54845,1900,UDP,........,0,0,4,796,0,0,0,0,0,0,0,0,0,0,0.0.0.0,0.0.0.0,0,0,00:00:00:00:00:00,00:00:00:00:00:00,00:00:00:00:00:00,00:00:00:00:00:00,0-0-0,0-0-0,0-0-0,0-0-0,0-0-0,0-0-0,0-0-0,0-0-0,0-0-0,0-0-0,    0.000,    0.000,    0.000,0.0.0.0,0/0,1,1970-01-01 00:00:00.000
2023-01-15 21:19:36,2023-01-15 21:19:36,0.055,1.1.1.1,10.0.2.15,53,34150,UDP,........,0,0,1,105,0,0,0,0,0,0,0,0,0,0,0.0.0.0,0.0.0.0,0,0,00:00:00:00:00:00,00:00:00:00:00:00,00:00:00:00:00:00,00:00:00:00:00:00,0-0-0,0-0-0,0-0-0,0-0-0,0-0-0,0-0-0,0-0-0,0-0-0,0-0-0,0-0-0,    0.000,    0.000,    0.000,0.0.0.0,0/0,1,1970-01-01 00:00:00.000
2023-01-15 21:19:36,2023-01-15 21:19:36,0.055,10.0.2.15,1.1.1.1,34150,53,UDP,........,0,0,1,57,0,0,0,0,0,0,0,0,0,0,0.0.0.0,0.0.0.0,0,0,00:00:00:00:00:00,00:00:00:00:00:00,00:00:00:00:00:00,00:00:00:00:00:00,0-0-0,0-0-0,0-0-0,0-0-0,0-0-0,0-0-0,0-0-0,0-0-0,0-0-0,0-0-0,    0.000,    0.000,    0.000,0.0.0.0,0/0,1,1970-01-01 00:00:00.000
2023-01-15 21:19:36,2023-01-15 21:19:36,0.055,10.0.2.15,54.155.178.5,47162,80,TCP,...A..S.,0,0,2,100,0,0,0,0,0,0,0,0,0,0,0.0.0.0,0.0.0.0,0,0,00:00:00:00:00:00,00:00:00:00:00:00,00:00:00:00:00:00,00:00:00:00:00:00,0-0-0,0-0-0,0-0-0,0-0-0,0-0-0,0-0-0,0-0-0,0-0-0,0-0-0,0-0-0,    0.000,    0.000,    0.000,0.0.0.0,0/0,1,1970-01-01 00:00:00.000
2023-01-15 21:19:36,2023-01-15 21:19:36,0.055,54.155.178.5,10.0.2.15,80,47162,TCP,...A..S.,0,0,1,46,0,0,0,0,0,0,0,0,0,0,0.0.0.0,0.0.0.0,0,0,00:00:00:00:00:00,00:00:00:00:00:00,00:00:00:00:00:00,00:00:00:00:00:00,0-0-0,0-0-0,0-0-0,0-0-0,0-0-0,0-0-0,0-0-0,0-0-0,0-0-0,0-0-0,    0.000,    0.000,    0.000,0.0.0.0,0/0,1,1970-01-01 00:00:00.000
2023-01-15 21:19:36,2023-01-15 21:19:36,0.099,10.0.2.15,54.155.178.5,47176,80,TCP,...AP.S.,0,0,4,599,0,0,0,0,0,0,0,0,0,0,0.0.0.0,0.0.0.0,0,0,00:00:00:00:00:00,00:00:00:00:00:00,00:00:00:00:00:00,00:00:00:00:00:00,0-0-0,0-0-0,0-0-0,0-0-0,0-0-0,0-0-0,0-0-0,0-0-0,0-0-0,0-0-0,    0.000,    0.000,    0.000,0.0.0.0,0/0,1,1970-01-01 00:00:00.000
2023-01-15 21:19:36,2023-01-15 21:19:36,0.099,54.155.178.5,10.0.2.15,80,47176,TCP,...AP.S.,0,0,3,940,0,0,0,0,0,0,0,0,0,0,0.0.0.0,0.0.0.0,0,0,00:00:00:00:00:00,00:00:00:00:00:00,00:00:00:00:00:00,00:00:00:00:00:00,0-0-0,0-0-0,0-0-0,0-0-0,0-0-0,0-0-0,0-0-0,0-0-0,0-0-0,0-0-0,    0.000,    0.000,    0.000,0.0.0.0,0/0,1,1970-01-01 00:00:00.000
2023-01-15 21:19:36,2023-01-15 21:19:36,0.199,10.0.2.15,54.155.178.5,36124,443,TCP,...AP.S.,0,0,10,1722,0,0,0,0,0,0,0,0,0,0,0.0.0.0,0.0.0.0,0,0,00:00:00:00:00:00,00:00:00:00:00:00,00:00:00:00:00:00,00:00:00:00:00:00,0-0-0,0-0-0,0-0-0,0-0-0,0-0-0,0-0-0,0-0-0,0-0-0,0-0-0,0-0-0,    0.000,    0.000,    0.000,0.0.0.0,0/0,1,1970-01-01 00:00:00.000
2023-01-15 21:19:36,2023-01-15 21:19:36,0.199,54.155.178.5,10.0.2.15,443,36124,TCP,...AP.S.,0,0,10,6204,0,0,0,0,0,0,0,0,0,0,0.0.0.0,0.0.0.0,0,0,00:00:00:00:00:00,00:00:00:00:00:00,00:00:00:00:00:00,00:00:00:00:00:00,0-0-0,0-0-0,0-0-0,0-0-0,0-0-0,0-0-0,0-0-0,0-0-0,0-0-0,0-0-0,    0.000,    0.000,    0.000,0.0.0.0,0/0,1,1970-01-01 00:00:00.000
2023-01-15 21:19:36,2023-01-15 21:19:36,0.018,1.1.1.1,10.0.2.15,53,58498,UDP,........,0,0,1,254,0,0,0,0,0,0,0,0,0,0,0.0.0.0,0.0.0.0,0,0,00:00:00:00:00:00,00:00:00:00:00:00,00:00:00:00:00:00,00:00:00:00:00:00,0-0-0,0-0-0,0-0-0,0-0-0,0-0-0,0-0-0,0-0-0,0-0-0,0-0-0,0-0-0,    0.000,    0.000,    0.000,0.0.0.0,0/0,1,1970-01-01 00:00:00.000
2023-01-15 21:19:36,2023-01-15 21:19:36,0.018,10.0.2.15,1.1.1.1,58498,53,UDP,........,0,0,1,61,0,0,0,0,0,0,0,0,0,0,0.0.0.0,0.0.0.0,0,0,00:00:00:00:00:00,00:00:00:00:00:00,00:00:00:00:00:00,00:00:00:00:00:00,0-0-0,0-0-0,0-0-0,0-0-0,0-0-0,0-0-0,0-0-0,0-0-0,0-0-0,0-0-0,    0.000,    0.000,    0.000,0.0.0.0,0/0,1,1970-01-01 00:00:00.000
2023-01-15 21:19:36,2023-01-15 21:19:38,2.351,10.0.2.15,54.170.196.176,33612,443,TCP,...AP.S.,0,0,28,5000,0,0,0,0,0,0,0,0,0,0,0.0.0.0,0.0.0.0,0,0,00:00:00:00:00:00,00:00:00:00:00:00,00:00:00:00:00:00,00:00:00:00:00:00,0-0-0,0-0-0,0-0-0,0-0-0,0-0-0,0-0-0,0-0-0,0-0-0,0-0-0,0-0-0,    0.000,    0.000,    0.000,0.0.0.0,0/0,1,1970-01-01 00:00:00.000
2023-01-15 21:19:36,2023-01-15 21:19:38,2.351,54.170.196.176,10.0.2.15,443,33612,TCP,...AP.S.,0,0,36,55684,0,0,0,0,0,0,0,0,0,0,0.0.0.0,0.0.0.0,0,0,00:00:00:00:00:00,00:00:00:00:00:00,00:00:00:00:00:00,00:00:00:00:00:00,0-0-0,0-0-0,0-0-0,0-0-0,0-0-0,0-0-0,0-0-0,0-0-0,0-0-0,0-0-0,    0.000,    0.000,    0.000,0.0.0.0,0/0,1,1970-01-01 00:00:00.000
2023-01-15 21:19:37,2023-01-15 21:19:37,0.000,10.0.2.15,34.78.44.68,52878,2055,UDP,........,0,0,4,4912,0,0,0,0,0,0,0,0,0,0,0.0.0.0,0.0.0.0,0,0,00:00:00:00:00:00,00:00:00:00:00:00,00:00:00:00:00:00,00:00:00:00:00:00,0-0-0,0-0-0,0-0-0,0-0-0,0-0-0,0-0-0,0-0-0,0-0-0,0-0-0,0-0-0,    0.000,    0.000,    0.000,0.0.0.0,0/0,1,1970-01-01 00:00:00.000
2023-01-15 21:19:37,2023-01-15 21:19:37,0.016,1.1.1.1,10.0.2.15,53,43138,UDP,........,0,0,1,96,0,0,0,0,0,0,0,0,0,0,0.0.0.0,0.0.0.0,0,0,00:00:00:00:00:00,00:00:00:00:00:00,00:00:00:00:00:00,00:00:00:00:00:00,0-0-0,0-0-0,0-0-0,0-0-0,0-0-0,0-0-0,0-0-0,0-0-0,0-0-0,0-0-0,    0.000,    0.000,    0.000,0.0.0.0,0/0,1,1970-01-01 00:00:00.000
2023-01-15 21:19:37,2023-01-15 21:19:37,0.016,10.0.2.15,1.1.1.1,43138,53,UDP,........,0,0,1,64,0,0,0,0,0,0,0,0,0,0,0.0.0.0,0.0.0.0,0,0,00:00:00:00:00:00,00:00:00:00:00:00,00:00:00:00:00:00,00:00:00:00:00:00,0-0-0,0-0-0,0-0-0,0-0-0,0-0-0,0-0-0,0-0-0,0-0-0,0-0-0,0-0-0,    0.000,    0.000,    0.000,0.0.0.0,0/0,1,1970-01-01 00:00:00.000
2023-01-15 21:19:37,2023-01-15 21:19:37,0.017,1.1.1.1,10.0.2.15,53,56242,UDP,........,0,0,1,95,0,0,0,0,0,0,0,0,0,0,0.0.0.0,0.0.0.0,0,0,00:00:00:00:00:00,00:00:00:00:00:00,00:00:00:00:00:00,00:00:00:00:00:00,0-0-0,0-0-0,0-0-0,0-0-0,0-0-0,0-0-0,0-0-0,0-0-0,0-0-0,0-0-0,    0.000,    0.000,    0.000,0.0.0.0,0/0,1,1970-01-01 00:00:00.000
2023-01-15 21:19:37,2023-01-15 21:19:37,0.017,10.0.2.15,1.1.1.1,56242,53,UDP,........,0,0,1,63,0,0,0,0,0,0,0,0,0,0,0.0.0.0,0.0.0.0,0,0,00:00:00:00:00:00,00:00:00:00:00:00,00:00:00:00:00:00,00:00:00:00:00:00,0-0-0,0-0-0,0-0-0,0-0-0,0-0-0,0-0-0,0-0-0,0-0-0,0-0-0,0-0-0,    0.000,    0.000,    0.000,0.0.0.0,0/0,1,1970-01-01 00:00:00.000
2023-01-15 21:19:37,2023-01-15 21:19:37,0.343,10.0.2.15,45.57.91.1,38560,443,TCP,...AP.S.,0,0,21,3332,0,0,0,0,0,0,0,0,0,0,0.0.0.0,0.0.0.0,0,0,00:00:00:00:00:00,00:00:00:00:00:00,00:00:00:00:00:00,00:00:00:00:00:00,0-0-0,0-0-0,0-0-0,0-0-0,0-0-0,0-0-0,0-0-0,0-0-0,0-0-0,0-0-0,    0.000,    0.000,    0.000,0.0.0.0,0/0,1,1970-01-01 00:00:00.000
2023-01-15 21:19:37,2023-01-15 21:19:37,0.343,45.57.91.1,10.0.2.15,443,38560,TCP,...AP.S.,0,0,21,156594,0,0,0,0,0,0,0,0,0,0,0.0.0.0,0.0.0.0,0,0,00:00:00:00:00:00,00:00:00:00:00:00,00:00:00:00:00:00,00:00:00:00:00:00,0-0-0,0-0-0,0-0-0,0-0-0,0-0-0,0-0-0,0-0-0,0-0-0,0-0-0,0-0-0,    0.000,    0.000,    0.000,0.0.0.0,0/0,1,1970-01-01 00:00:00.000
2023-01-15 21:19:37,2023-01-15 21:19:37,0.405,10.0.2.15,45.57.91.1,38572,443,TCP,...AP.S.,0,0,23,3509,0,0,0,0,0,0,0,0,0,0,0.0.0.0,0.0.0.0,0,0,00:00:00:00:00:00,00:00:00:00:00:00,00:00:00:00:00:00,00:00:00:00:00:00,0-0-0,0-0-0,0-0-0,0-0-0,0-0-0,0-0-0,0-0-0,0-0-0,0-0-0,0-0-0,    0.000,    0.000,    0.000,0.0.0.0,0/0,1,1970-01-01 00:00:00.000
2023-01-15 21:19:37,2023-01-15 21:19:37,0.405,45.57.91.1,10.0.2.15,443,38572,TCP,...AP.S.,0,0,24,138045,0,0,0,0,0,0,0,0,0,0,0.0.0.0,0.0.0.0,0,0,00:00:00:00:00:00,00:00:00:00:00:00,00:00:00:00:00:00,00:00:00:00:00:00,0-0-0,0-0-0,0-0-0,0-0-0,0-0-0,0-0-0,0-0-0,0-0-0,0-0-0,0-0-0,    0.000,    0.000,    0.000,0.0.0.0,0/0,1,1970-01-01 00:00:00.000
2023-01-15 21:19:37,2023-01-15 21:19:37,0.283,10.0.2.15,45.57.91.1,38578,443,TCP,...AP.S.,0,0,42,2880,0,0,0,0,0,0,0,0,0,0,0.0.0.0,0.0.0.0,0,0,00:00:00:00:00:00,00:00:00:00:00:00,00:00:00:00:00:00,00:00:00:00:00:00,0-0-0,0-0-0,0-0-0,0-0-0,0-0-0,0-0-0,0-0-0,0-0-0,0-0-0,0-0-0,    0.000,    0.000,    0.000,0.0.0.0,0/0,1,1970-01-01 00:00:00.000
2023-01-15 21:19:37,2023-01-15 21:19:37,0.283,45.57.91.1,10.0.2.15,443,38578,TCP,...AP.S.,0,0,42,457186,0,0,0,0,0,0,0,0,0,0,0.0.0.0,0.0.0.0,0,0,00:00:00:00:00:00,00:00:00:00:00:00,00:00:00:00:00:00,00:00:00:00:00:00,0-0-0,0-0-0,0-0-0,0-0-0,0-0-0,0-0-0,0-0-0,0-0-0,0-0-0,0-0-0,    0.000,    0.000,    0.000,0.0.0.0,0/0,1,1970-01-01 00:00:00.000
2023-01-15 21:19:37,2023-01-15 21:19:38,1.780,10.0.2.15,104.16.148.64,44324,443,TCP,...AP.S.,0,0,25,2433,0,0,0,0,0,0,0,0,0,0,0.0.0.0,0.0.0.0,0,0,00:00:00:00:00:00,00:00:00:00:00:00,00:00:00:00:00:00,00:00:00:00:00:00,0-0-0,0-0-0,0-0-0,0-0-0,0-0-0,0-0-0,0-0-0,0-0-0,0-0-0,0-0-0,    0.000,    0.000,    0.000,0.0.0.0,0/0,1,1970-01-01 00:00:00.000
2023-01-15 21:19:37,2023-01-15 21:19:38,1.780,104.16.148.64,10.0.2.15,443,44324,TCP,...AP.S.,0,0,25,119576,0,0,0,0,0,0,0,0,0,0,0.0.0.0,0.0.0.0,0,0,00:00:00:00:00:00,00:00:00:00:00:00,00:00:00:00:00:00,00:00:00:00:00:00,0-0-0,0-0-0,0-0-0,0-0-0,0-0-0,0-0-0,0-0-0,0-0-0,0-0-0,0-0-0,    0.000,    0.000,    0.000,0.0.0.0,0/0,1,1970-01-01 00:00:00.000
2023-01-15 21:19:37,2023-01-15 21:19:38,1.602,10.0.2.15,104.16.148.64,44338,443,TCP,...AP.S.,0,0,20,2409,0,0,0,0,0,0,0,0,0,0,0.0.0.0,0.0.0.0,0,0,00:00:00:00:00:00,00:00:00:00:00:00,00:00:00:00:00:00,00:00:00:00:00:00,0-0-0,0-0-0,0-0-0,0-0-0,0-0-0,0-0-0,0-0-0,0-0-0,0-0-0,0-0-0,    0.000,    0.000,    0.000,0.0.0.0,0/0,1,1970-01-01 00:00:00.000
2023-01-15 21:19:37,2023-01-15 21:19:38,1.602,104.16.148.64,10.0.2.15,443,44338,TCP,...AP.S.,0,0,22,42621,0,0,0,0,0,0,0,0,0,0,0.0.0.0,0.0.0.0,0,0,00:00:00:00:00:00,00:00:00:00:00:00,00:00:00:00:00:00,00:00:00:00:00:00,0-0-0,0-0-0,0-0-0,0-0-0,0-0-0,0-0-0,0-0-0,0-0-0,0-0-0,0-0-0,    0.000,    0.000,    0.000,0.0.0.0,0/0,1,1970-01-01 00:00:00.000
2023-01-15 21:19:37,2023-01-15 21:19:37,0.268,10.0.2.15,45.57.91.1,38592,443,TCP,...AP.S.,0,0,6,841,0,0,0,0,0,0,0,0,0,0,0.0.0.0,0.0.0.0,0,0,00:00:00:00:00:00,00:00:00:00:00:00,00:00:00:00:00:00,00:00:00:00:00:00,0-0-0,0-0-0,0-0-0,0-0-0,0-0-0,0-0-0,0-0-0,0-0-0,0-0-0,0-0-0,    0.000,    0.000,    0.000,0.0.0.0,0/0,1,1970-01-01 00:00:00.000
2023-01-15 21:19:37,2023-01-15 21:19:37,0.268,45.57.91.1,10.0.2.15,443,38592,TCP,...AP.S.,0,0,5,3644,0,0,0,0,0,0,0,0,0,0,0.0.0.0,0.0.0.0,0,0,00:00:00:00:00:00,00:00:00:00:00:00,00:00:00:00:00:00,00:00:00:00:00:00,0-0-0,0-0-0,0-0-0,0-0-0,0-0-0,0-0-0,0-0-0,0-0-0,0-0-0,0-0-0,    0.000,    0.000,    0.000,0.0.0.0,0/0,1,1970-01-01 00:00:00.000
2023-01-15 21:19:37,2023-01-15 21:19:38,1.502,10.0.2.15,45.57.91.1,38594,443,TCP,...AP.S.,0,0,50,5184,0,0,0,0,0,0,0,0,0,0,0.0.0.0,0.0.0.0,0,0,00:00:00:00:00:00,00:00:00:00:00:00,00:00:00:00:00:00,00:00:00:00:00:00,0-0-0,0-0-0,0-0-0,0-0-0,0-0-0,0-0-0,0-0-0,0-0-0,0-0-0,0-0-0,    0.000,    0.000,    0.000,0.0.0.0,0/0,1,1970-01-01 00:00:00.000
2023-01-15 21:19:37,2023-01-15 21:19:38,1.502,45.57.91.1,10.0.2.15,443,38594,TCP,...AP.S.,0,0,56,578766,0,0,0,0,0,0,0,0,0,0,0.0.0.0,0.0.0.0,0,0,00:00:00:00:00:00,00:00:00:00:00:00,00:00:00:00:00:00,00:00:00:00:00:00,0-0-0,0-0-0,0-0-0,0-0-0,0-0-0,0-0-0,0-0-0,0-0-0,0-0-0,0-0-0,    0.000,    0.000,    0.000,0.0.0.0,0/0,1,1970-01-01 00:00:00.000
2023-01-15 21:19:37,2023-01-15 21:19:37,0.023,1.1.1.1,10.0.2.15,53,42211,UDP,........,0,0,1,105,0,0,0,0,0,0,0,0,0,0,0.0.0.0,0.0.0.0,0,0,00:00:00:00:00:00,00:00:00:00:00:00,00:00:00:00:00:00,00:00:00:00:00:00,0-0-0,0-0-0,0-0-0,0-0-0,0-0-0,0-0-0,0-0-0,0-0-0,0-0-0,0-0-0,    0.000,    0.000,    0.000,0.0.0.0,0/0,1,1970-01-01 00:00:00.000
2023-01-15 21:19:37,2023-01-15 21:19:37,0.023,10.0.2.15,1.1.1.1,42211,53,UDP,........,0,0,1,73,0,0,0,0,0,0,0,0,0,0,0.0.0.0,0.0.0.0,0,0,00:00:00:00:00:00,00:00:00:00:00:00,00:00:00:00:00:00,00:00:00:00:00:00,0-0-0,0-0-0,0-0-0,0-0-0,0-0-0,0-0-0,0-0-0,0-0-0,0-0-0,0-0-0,    0.000,    0.000,    0.000,0.0.0.0,0/0,1,1970-01-01 00:00:00.000
2023-01-15 21:19:37,2023-01-15 21:19:38,0.685,10.0.2.15,45.57.91.1,38604,443,TCP,...AP.S.,0,0,16,2689,0,0,0,0,0,0,0,0,0,0,0.0.0.0,0.0.0.0,0,0,00:00:00:00:00:00,00:00:00:00:00:00,00:00:00:00:00:00,00:00:00:00:00:00,0-0-0,0-0-0,0-0-0,0-0-0,0-0-0,0-0-0,0-0-0,0-0-0,0-0-0,0-0-0,    0.000,    0.000,    0.000,0.0.0.0,0/0,1,1970-01-01 00:00:00.000
2023-01-15 21:19:37,2023-01-15 21:19:38,0.685,45.57.91.1,10.0.2.15,443,38604,TCP,...AP.S.,0,0,15,73773,0,0,0,0,0,0,0,0,0,0,0.0.0.0,0.0.0.0,0,0,00:00:00:00:00:00,00:00:00:00:00:00,00:00:00:00:00:00,00:00:00:00:00:00,0-0-0,0-0-0,0-0-0,0-0-0,0-0-0,0-0-0,0-0-0,0-0-0,0-0-0,0-0-0,    0.000,    0.000,    0.000,0.0.0.0,0/0,1,1970-01-01 00:00:00.000
2023-01-15 21:19:37,2023-01-15 21:19:37,0.150,10.0.2.15,77.224.146.45,41134,443,TCP,...AP.S.,0,0,29,2513,0,0,0,0,0,0,0,0,0,0,0.0.0.0,0.0.0.0,0,0,00:00:00:00:00:00,00:00:00:00:00:00,00:00:00:00:00:00,00:00:00:00:00:00,0-0-0,0-0-0,0-0-0,0-0-0,0-0-0,0-0-0,0-0-0,0-0-0,0-0-0,0-0-0,    0.000,    0.000,    0.000,0.0.0.0,0/0,1,1970-01-01 00:00:00.000
2023-01-15 21:19:37,2023-01-15 21:19:37,0.150,77.224.146.45,10.0.2.15,443,41134,TCP,...AP.S.,0,0,30,274771,0,0,0,0,0,0,0,0,0,0,0.0.0.0,0.0.0.0,0,0,00:00:00:00:00:00,00:00:00:00:00:00,00:00:00:00:00:00,00:00:00:00:00:00,0-0-0,0-0-0,0-0-0,0-0-0,0-0-0,0-0-0,0-0-0,0-0-0,0-0-0,0-0-0,    0.000,    0.000,    0.000,0.0.0.0,0/0,1,1970-01-01 00:00:00.000
2023-01-15 21:19:37,2023-01-15 21:19:38,0.241,10.0.2.15,45.57.91.1,38614,443,TCP,...AP.S.,0,0,15,1873,0,0,0,0,0,0,0,0,0,0,0.0.0.0,0.0.0.0,0,0,00:00:00:00:00:00,00:00:00:00:00:00,00:00:00:00:00:00,00:00:00:00:00:00,0-0-0,0-0-0,0-0-0,0-0-0,0-0-0,0-0-0,0-0-0,0-0-0,0-0-0,0-0-0,    0.000,    0.000,    0.000,0.0.0.0,0/0,1,1970-01-01 00:00:00.000
2023-01-15 21:19:37,2023-01-15 21:19:38,0.241,45.57.91.1,10.0.2.15,443,38614,TCP,...AP.S.,0,0,17,59822,0,0,0,0,0,0,0,0,0,0,0.0.0.0,0.0.0.0,0,0,00:00:00:00:00:00,00:00:00:00:00:00,00:00:00:00:00:00,00:00:00:00:00:00,0-0-0,0-0-0,0-0-0,0-0-0,0-0-0,0-0-0,0-0-0,0-0-0,0-0-0,0-0-0,    0.000,    0.000,    0.000,0.0.0.0,0/0,1,1970-01-01 00:00:00.000
2023-01-15 21:19:37,2023-01-15 21:19:37,0.021,1.1.1.1,10.0.2.15,53,44833,UDP,........,0,0,1,102,0,0,0,0,0,0,0,0,0,0,0.0.0.0,0.0.0.0,0,0,00:00:00:00:00:00,00:00:00:00:00:00,00:00:00:00:00:00,00:00:00:00:00:00,0-0-0,0-0-0,0-0-0,0-0-0,0-0-0,0-0-0,0-0-0,0-0-0,0-0-0,0-0-0,    0.000,    0.000,    0.000,0.0.0.0,0/0,1,1970-01-01 00:00:00.000
2023-01-15 21:19:37,2023-01-15 21:19:37,0.021,10.0.2.15,1.1.1.1,44833,53,UDP,........,0,0,1,70,0,0,0,0,0,0,0,0,0,0,0.0.0.0,0.0.0.0,0,0,00:00:00:00:00:00,00:00:00:00:00:00,00:00:00:00:00:00,00:00:00:00:00:00,0-0-0,0-0-0,0-0-0,0-0-0,0-0-0,0-0-0,0-0-0,0-0-0,0-0-0,0-0-0,    0.000,    0.000,    0.000,0.0.0.0,0/0,1,1970-01-01 00:00:00.000
2023-01-15 21:19:37,2023-01-15 21:19:37,0.144,10.0.2.15,45.57.91.1,38630,443,TCP,...AP.S.,0,0,15,1873,0,0,0,0,0,0,0,0,0,0,0.0.0.0,0.0.0.0,0,0,00:00:00:00:00:00,00:00:00:00:00:00,00:00:00:00:00:00,00:00:00:00:00:00,0-0-0,0-0-0,0-0-0,0-0-0,0-0-0,0-0-0,0-0-0,0-0-0,0-0-0,0-0-0,    0.000,    0.000,    0.000,0.0.0.0,0/0,1,1970-01-01 00:00:00.000
2023-01-15 21:19:37,2023-01-15 21:19:37,0.144,45.57.91.1,10.0.2.15,443,38630,TCP,...AP.S.,0,0,15,57821,0,0,0,0,0,0,0,0,0,0,0.0.0.0,0.0.0.0,0,0,00:00:00:00:00:00,00:00:00:00:00:00,00:00:00:00:00:00,00:00:00:00:00:00,0-0-0,0-0-0,0-0-0,0-0-0,0-0-0,0-0-0,0-0-0,0-0-0,0-0-0,0-0-0,    0.000,    0.000,    0.000,0.0.0.0,0/0,1,1970-01-01 00:00:00.000
2023-01-15 21:19:37,2023-01-15 21:19:38,0.246,10.0.2.15,45.57.91.1,38646,443,TCP,...AP.S.,0,0,15,1854,0,0,0,0,0,0,0,0,0,0,0.0.0.0,0.0.0.0,0,0,00:00:00:00:00:00,00:00:00:00:00:00,00:00:00:00:00:00,00:00:00:00:00:00,0-0-0,0-0-0,0-0-0,0-0-0,0-0-0,0-0-0,0-0-0,0-0-0,0-0-0,0-0-0,    0.000,    0.000,    0.000,0.0.0.0,0/0,1,1970-01-01 00:00:00.000
2023-01-15 21:19:37,2023-01-15 21:19:38,0.246,45.57.91.1,10.0.2.15,443,38646,TCP,...AP.S.,0,0,14,78066,0,0,0,0,0,0,0,0,0,0,0.0.0.0,0.0.0.0,0,0,00:00:00:00:00:00,00:00:00:00:00:00,00:00:00:00:00:00,00:00:00:00:00:00,0-0-0,0-0-0,0-0-0,0-0-0,0-0-0,0-0-0,0-0-0,0-0-0,0-0-0,0-0-0,    0.000,    0.000,    0.000,0.0.0.0,0/0,1,1970-01-01 00:00:00.000
2023-01-15 21:19:37,2023-01-15 21:19:38,0.204,10.0.2.15,45.57.91.1,38652,443,TCP,...AP.S.,0,0,14,1834,0,0,0,0,0,0,0,0,0,0,0.0.0.0,0.0.0.0,0,0,00:00:00:00:00:00,00:00:00:00:00:00,00:00:00:00:00:00,00:00:00:00:00:00,0-0-0,0-0-0,0-0-0,0-0-0,0-0-0,0-0-0,0-0-0,0-0-0,0-0-0,0-0-0,    0.000,    0.000,    0.000,0.0.0.0,0/0,1,1970-01-01 00:00:00.000
2023-01-15 21:19:37,2023-01-15 21:19:38,0.204,45.57.91.1,10.0.2.15,443,38652,TCP,...AP.S.,0,0,16,59988,0,0,0,0,0,0,0,0,0,0,0.0.0.0,0.0.0.0,0,0,00:00:00:00:00:00,00:00:00:00:00:00,00:00:00:00:00:00,00:00:00:00:00:00,0-0-0,0-0-0,0-0-0,0-0-0,0-0-0,0-0-0,0-0-0,0-0-0,0-0-0,0-0-0,    0.000,    0.000,    0.000,0.0.0.0,0/0,1,1970-01-01 00:00:00.000
2023-01-15 21:19:37,2023-01-15 21:19:38,0.253,10.0.2.15,45.57.91.1,38666,443,TCP,...AP.S.,0,0,14,1833,0,0,0,0,0,0,0,0,0,0,0.0.0.0,0.0.0.0,0,0,00:00:00:00:00:00,00:00:00:00:00:00,00:00:00:00:00:00,00:00:00:00:00:00,0-0-0,0-0-0,0-0-0,0-0-0,0-0-0,0-0-0,0-0-0,0-0-0,0-0-0,0-0-0,    0.000,    0.000,    0.000,0.0.0.0,0/0,1,1970-01-01 00:00:00.000
2023-01-15 21:19:37,2023-01-15 21:19:38,0.253,45.57.91.1,10.0.2.15,443,38666,TCP,...AP.S.,0,0,14,58415,0,0,0,0,0,0,0,0,0,0,0.0.0.0,0.0.0.0,0,0,00:00:00:00:00:00,00:00:00:00:00:00,00:00:00:00:00:00,00:00:00:00:00:00,0-0-0,0-0-0,0-0-0,0-0-0,0-0-0,0-0-0,0-0-0,0-0-0,0-0-0,0-0-0,    0.000,    0.000,    0.000,0.0.0.0,0/0,1,1970-01-01 00:00:00.000
2023-01-15 21:19:37,2023-01-15 21:19:38,0.152,10.0.2.15,104.18.26.85,41586,443,TCP,...AP.S.,0,0,9,1492,0,0,0,0,0,0,0,0,0,0,0.0.0.0,0.0.0.0,0,0,00:00:00:00:00:00,00:00:00:00:00:00,00:00:00:00:00:00,00:00:00:00:00:00,0-0-0,0-0-0,0-0-0,0-0-0,0-0-0,0-0-0,0-0-0,0-0-0,0-0-0,0-0-0,    0.000,    0.000,    0.000,0.0.0.0,0/0,1,1970-01-01 00:00:00.000
2023-01-15 21:19:37,2023-01-15 21:19:38,0.152,104.18.26.85,10.0.2.15,443,41586,TCP,...AP.S.,0,0,9,3695,0,0,0,0,0,0,0,0,0,0,0.0.0.0,0.0.0.0,0,0,00:00:00:00:00:00,00:00:00:00:00:00,00:00:00:00:00:00,00:00:00:00:00:00,0-0-0,0-0-0,0-0-0,0-0-0,0-0-0,0-0-0,0-0-0,0-0-0,0-0-0,0-0-0,    0.000,    0.000,    0.000,0.0.0.0,0/0,1,1970-01-01 00:00:00.000
2023-01-15 21:19:38,2023-01-15 21:19:48,10.019,10.0.2.15,104.16.148.64,44324,443,TCP,...A...F,0,0,3,120,0,0,0,0,0,0,0,0,0,0,0.0.0.0,0.0.0.0,0,0,00:00:00:00:00:00,00:00:00:00:00:00,00:00:00:00:00:00,00:00:00:00:00:00,0-0-0,0-0-0,0-0-0,0-0-0,0-0-0,0-0-0,0-0-0,0-0-0,0-0-0,0-0-0,    0.000,    0.000,    0.000,0.0.0.0,0/0,1,1970-01-01 00:00:00.000
2023-01-15 21:19:38,2023-01-15 21:19:48,10.019,104.16.148.64,10.0.2.15,443,44324,TCP,...AP..F,0,0,3,9671,0,0,0,0,0,0,0,0,0,0,0.0.0.0,0.0.0.0,0,0,00:00:00:00:00:00,00:00:00:00:00:00,00:00:00:00:00:00,00:00:00:00:00:00,0-0-0,0-0-0,0-0-0,0-0-0,0-0-0,0-0-0,0-0-0,0-0-0,0-0-0,0-0-0,    0.000,    0.000,    0.000,0.0.0.0,0/0,1,1970-01-01 00:00:00.000
2023-01-15 21:19:38,2023-01-15 21:19:48,10.008,10.0.2.15,104.16.148.64,44338,443,TCP,...A...F,0,0,3,120,0,0,0,0,0,0,0,0,0,0,0.0.0.0,0.0.0.0,0,0,00:00:00:00:00:00,00:00:00:00:00:00,00:00:00:00:00:00,00:00:00:00:00:00,0-0-0,0-0-0,0-0-0,0-0-0,0-0-0,0-0-0,0-0-0,0-0-0,0-0-0,0-0-0,    0.000,    0.000,    0.000,0.0.0.0,0/0,1,1970-01-01 00:00:00.000
2023-01-15 21:19:38,2023-01-15 21:19:48,10.008,104.16.148.64,10.0.2.15,443,44338,TCP,...A...F,0,0,2,92,0,0,0,0,0,0,0,0,0,0,0.0.0.0,0.0.0.0,0,0,00:00:00:00:00:00,00:00:00:00:00:00,00:00:00:00:00:00,00:00:00:00:00:00,0-0-0,0-0-0,0-0-0,0-0-0,0-0-0,0-0-0,0-0-0,0-0-0,0-0-0,0-0-0,    0.000,    0.000,    0.000,0.0.0.0,0/0,1,1970-01-01 00:00:00.000
2023-01-15 21:19:41,2023-01-15 21:19:49,8.236,10.0.2.15,224.0.0.22,0,0,IGMP,........,0,192,4,160,0,0,0,0,0,0,0,0,0,0,0.0.0.0,0.0.0.0,0,0,00:00:00:00:00:00,00:00:00:00:00:00,00:00:00:00:00:00,00:00:00:00:00:00,0-0-0,0-0-0,0-0-0,0-0-0,0-0-0,0-0-0,0-0-0,0-0-0,0-0-0,0-0-0,    0.000,    0.000,    0.000,0.0.0.0,0/0,1,1970-01-01 00:00:00.000
2023-01-15 21:19:41,2023-01-15 21:19:44,3.004,10.0.2.15,224.0.0.251,5353,5353,UDP,........,0,0,3,204,0,0,0,0,0,0,0,0,0,0,0.0.0.0,0.0.0.0,0,0,00:00:00:00:00:00,00:00:00:00:00:00,00:00:00:00:00:00,00:00:00:00:00:00,0-0-0,0-0-0,0-0-0,0-0-0,0-0-0,0-0-0,0-0-0,0-0-0,0-0-0,0-0-0,    0.000,    0.000,    0.000,0.0.0.0,0/0,1,1970-01-01 00:00:00.000
2023-01-15 21:19:43,2023-01-15 21:19:48,5.558,10.0.2.15,54.170.196.176,33612,443,TCP,...AP..F,0,0,5,7530,0,0,0,0,0,0,0,0,0,0,0.0.0.0,0.0.0.0,0,0,00:00:00:00:00:00,00:00:00:00:00:00,00:00:00:00:00:00,00:00:00:00:00:00,0-0-0,0-0-0,0-0-0,0-0-0,0-0-0,0-0-0,0-0-0,0-0-0,0-0-0,0-0-0,    0.000,    0.000,    0.000,0.0.0.0,0/0,1,1970-01-01 00:00:00.000
2023-01-15 21:19:43,2023-01-15 21:19:48,5.558,54.170.196.176,10.0.2.15,443,33612,TCP,...AP..F,0,0,9,773,0,0,0,0,0,0,0,0,0,0,0.0.0.0,0.0.0.0,0,0,00:00:00:00:00:00,00:00:00:00:00:00,00:00:00:00:00:00,00:00:00:00:00:00,0-0-0,0-0-0,0-0-0,0-0-0,0-0-0,0-0-0,0-0-0,0-0-0,0-0-0,0-0-0,    0.000,    0.000,    0.000,0.0.0.0,0/0,1,1970-01-01 00:00:00.000
2023-01-15 21:19:48,2023-01-15 21:19:48,0.024,10.0.2.15,142.250.185.13,48490,443,TCP,...A...F,0,0,2,80,0,0,0,0,0,0,0,0,0,0,0.0.0.0,0.0.0.0,0,0,00:00:00:00:00:00,00:00:00:00:00:00,00:00:00:00:00:00,00:00:00:00:00:00,0-0-0,0-0-0,0-0-0,0-0-0,0-0-0,0-0-0,0-0-0,0-0-0,0-0-0,0-0-0,    0.000,    0.000,    0.000,0.0.0.0,0/0,1,1970-01-01 00:00:00.000
2023-01-15 21:19:48,2023-01-15 21:19:48,0.024,142.250.185.13,10.0.2.15,443,48490,TCP,...A...F,0,0,2,92,0,0,0,0,0,0,0,0,0,0,0.0.0.0,0.0.0.0,0,0,00:00:00:00:00:00,00:00:00:00:00:00,00:00:00:00:00:00,00:00:00:00:00:00,0-0-0,0-0-0,0-0-0,0-0-0,0-0-0,0-0-0,0-0-0,0-0-0,0-0-0,0-0-0,    0.000,    0.000,    0.000,0.0.0.0,0/0,1,1970-01-01 00:00:00.000
2023-01-15 21:19:48,2023-01-15 21:19:48,0.053,10.0.2.15,54.155.178.5,36124,443,TCP,...A...F,0,0,2,80,0,0,0,0,0,0,0,0,0,0,0.0.0.0,0.0.0.0,0,0,00:00:00:00:00:00,00:00:00:00:00:00,00:00:00:00:00:00,00:00:00:00:00:00,0-0-0,0-0-0,0-0-0,0-0-0,0-0-0,0-0-0,0-0-0,0-0-0,0-0-0,0-0-0,    0.000,    0.000,    0.000,0.0.0.0,0/0,1,1970-01-01 00:00:00.000
2023-01-15 21:19:48,2023-01-15 21:19:48,0.053,54.155.178.5,10.0.2.15,443,36124,TCP,...A...F,0,0,2,92,0,0,0,0,0,0,0,0,0,0,0.0.0.0,0.0.0.0,0,0,00:00:00:00:00:00,00:00:00:00:00:00,00:00:00:00:00:00,00:00:00:00:00:00,0-0-0,0-0-0,0-0-0,0-0-0,0-0-0,0-0-0,0-0-0,0-0-0,0-0-0,0-0-0,    0.000,    0.000,    0.000,0.0.0.0,0/0,1,1970-01-01 00:00:00.000
2023-01-15 21:19:48,2023-01-15 21:19:48,0.026,10.0.2.15,104.18.26.85,41586,443,TCP,...A...F,0,0,2,80,0,0,0,0,0,0,0,0,0,0,0.0.0.0,0.0.0.0,0,0,00:00:00:00:00:00,00:00:00:00:00:00,00:00:00:00:00:00,00:00:00:00:00:00,0-0-0,0-0-0,0-0-0,0-0-0,0-0-0,0-0-0,0-0-0,0-0-0,0-0-0,0-0-0,    0.000,    0.000,    0.000,0.0.0.0,0/0,1,1970-01-01 00:00:00.000
2023-01-15 21:19:48,2023-01-15 21:19:48,0.026,104.18.26.85,10.0.2.15,443,41586,TCP,...A...F,0,0,2,92,0,0,0,0,0,0,0,0,0,0,0.0.0.0,0.0.0.0,0,0,00:00:00:00:00:00,00:00:00:00:00:00,00:00:00:00:00:00,00:00:00:00:00:00,0-0-0,0-0-0,0-0-0,0-0-0,0-0-0,0-0-0,0-0-0,0-0-0,0-0-0,0-0-0,    0.000,    0.000,    0.000,0.0.0.0,0/0,1,1970-01-01 00:00:00.000
2023-01-15 21:19:48,2023-01-15 21:19:48,0.058,10.0.2.15,54.155.178.5,47162,80,TCP,...A...F,0,0,2,80,0,0,0,0,0,0,0,0,0,0,0.0.0.0,0.0.0.0,0,0,00:00:00:00:00:00,00:00:00:00:00:00,00:00:00:00:00:00,00:00:00:00:00:00,0-0-0,0-0-0,0-0-0,0-0-0,0-0-0,0-0-0,0-0-0,0-0-0,0-0-0,0-0-0,    0.000,    0.000,    0.000,0.0.0.0,0/0,1,1970-01-01 00:00:00.000
2023-01-15 21:19:48,2023-01-15 21:19:48,0.058,54.155.178.5,10.0.2.15,80,47162,TCP,...A...F,0,0,2,92,0,0,0,0,0,0,0,0,0,0,0.0.0.0,0.0.0.0,0,0,00:00:00:00:00:00,00:00:00:00:00:00,00:00:00:00:00:00,00:00:00:00:00:00,0-0-0,0-0-0,0-0-0,0-0-0,0-0-0,0-0-0,0-0-0,0-0-0,0-0-0,0-0-0,    0.000,    0.000,    0.000,0.0.0.0,0/0,1,1970-01-01 00:00:00.000
2023-01-15 21:19:48,2023-01-15 21:19:48,0.051,10.0.2.15,54.155.178.5,47176,80,TCP,...A...F,0,0,2,80,0,0,0,0,0,0,0,0,0,0,0.0.0.0,0.0.0.0,0,0,00:00:00:00:00:00,00:00:00:00:00:00,00:00:00:00:00:00,00:00:00:00:00:00,0-0-0,0-0-0,0-0-0,0-0-0,0-0-0,0-0-0,0-0-0,0-0-0,0-0-0,0-0-0,    0.000,    0.000,    0.000,0.0.0.0,0/0,1,1970-01-01 00:00:00.000
2023-01-15 21:19:48,2023-01-15 21:19:48,0.051,54.155.178.5,10.0.2.15,80,47176,TCP,...A...F,0,0,2,92,0,0,0,0,0,0,0,0,0,0,0.0.0.0,0.0.0.0,0,0,00:00:00:00:00:00,00:00:00:00:00:00,00:00:00:00:00:00,00:00:00:00:00:00,0-0-0,0-0-0,0-0-0,0-0-0,0-0-0,0-0-0,0-0-0,0-0-0,0-0-0,0-0-0,    0.000,    0.000,    0.000,0.0.0.0,0/0,1,1970-01-01 00:00:00.000
2023-01-15 21:19:48,2023-01-15 21:19:48,0.028,10.0.2.15,45.57.91.1,38592,443,TCP,...A...F,0,0,2,80,0,0,0,0,0,0,0,0,0,0,0.0.0.0,0.0.0.0,0,0,00:00:00:00:00:00,00:00:00:00:00:00,00:00:00:00:00:00,00:00:00:00:00:00,0-0-0,0-0-0,0-0-0,0-0-0,0-0-0,0-0-0,0-0-0,0-0-0,0-0-0,0-0-0,    0.000,    0.000,    0.000,0.0.0.0,0/0,1,1970-01-01 00:00:00.000
2023-01-15 21:19:48,2023-01-15 21:19:48,0.028,45.57.91.1,10.0.2.15,443,38592,TCP,...A...F,0,0,2,92,0,0,0,0,0,0,0,0,0,0,0.0.0.0,0.0.0.0,0,0,00:00:00:00:00:00,00:00:00:00:00:00,00:00:00:00:00:00,00:00:00:00:00:00,0-0-0,0-0-0,0-0-0,0-0-0,0-0-0,0-0-0,0-0-0,0-0-0,0-0-0,0-0-0,    0.000,    0.000,    0.000,0.0.0.0,0/0,1,1970-01-01 00:00:00.000
2023-01-15 21:19:48,2023-01-15 21:19:48,0.031,10.0.2.15,45.57.91.1,38560,443,TCP,...A...F,0,0,2,80,0,0,0,0,0,0,0,0,0,0,0.0.0.0,0.0.0.0,0,0,00:00:00:00:00:00,00:00:00:00:00:00,00:00:00:00:00:00,00:00:00:00:00:00,0-0-0,0-0-0,0-0-0,0-0-0,0-0-0,0-0-0,0-0-0,0-0-0,0-0-0,0-0-0,    0.000,    0.000,    0.000,0.0.0.0,0/0,1,1970-01-01 00:00:00.000
2023-01-15 21:19:48,2023-01-15 21:19:48,0.031,45.57.91.1,10.0.2.15,443,38560,TCP,...A...F,0,0,2,92,0,0,0,0,0,0,0,0,0,0,0.0.0.0,0.0.0.0,0,0,00:00:00:00:00:00,00:00:00:00:00:00,00:00:00:00:00:00,00:00:00:00:00:00,0-0-0,0-0-0,0-0-0,0-0-0,0-0-0,0-0-0,0-0-0,0-0-0,0-0-0,0-0-0,    0.000,    0.000,    0.000,0.0.0.0,0/0,1,1970-01-01 00:00:00.000
2023-01-15 21:19:48,2023-01-15 21:19:48,0.037,10.0.2.15,45.57.91.1,38572,443,TCP,...A...F,0,0,2,80,0,0,0,0,0,0,0,0,0,0,0.0.0.0,0.0.0.0,0,0,00:00:00:00:00:00,00:00:00:00:00:00,00:00:00:00:00:00,00:00:00:00:00:00,0-0-0,0-0-0,0-0-0,0-0-0,0-0-0,0-0-0,0-0-0,0-0-0,0-0-0,0-0-0,    0.000,    0.000,    0.000,0.0.0.0,0/0,1,1970-01-01 00:00:00.000
2023-01-15 21:19:48,2023-01-15 21:19:48,0.037,45.57.91.1,10.0.2.15,443,38572,TCP,...A...F,0,0,2,92,0,0,0,0,0,0,0,0,0,0,0.0.0.0,0.0.0.0,0,0,00:00:00:00:00:00,00:00:00:00:00:00,00:00:00:00:00:00,00:00:00:00:00:00,0-0-0,0-0-0,0-0-0,0-0-0,0-0-0,0-0-0,0-0-0,0-0-0,0-0-0,0-0-0,    0.000,    0.000,    0.000,0.0.0.0,0/0,1,1970-01-01 00:00:00.000
2023-01-15 21:19:48,2023-01-15 21:19:48,0.053,10.0.2.15,45.57.91.1,38578,443,TCP,...A...F,0,0,2,80,0,0,0,0,0,0,0,0,0,0,0.0.0.0,0.0.0.0,0,0,00:00:00:00:00:00,00:00:00:00:00:00,00:00:00:00:00:00,00:00:00:00:00:00,0-0-0,0-0-0,0-0-0,0-0-0,0-0-0,0-0-0,0-0-0,0-0-0,0-0-0,0-0-0,    0.000,    0.000,    0.000,0.0.0.0,0/0,1,1970-01-01 00:00:00.000
2023-01-15 21:19:48,2023-01-15 21:19:48,0.053,45.57.91.1,10.0.2.15,443,38578,TCP,...A...F,0,0,2,92,0,0,0,0,0,0,0,0,0,0,0.0.0.0,0.0.0.0,0,0,00:00:00:00:00:00,00:00:00:00:00:00,00:00:00:00:00:00,00:00:00:00:00:00,0-0-0,0-0-0,0-0-0,0-0-0,0-0-0,0-0-0,0-0-0,0-0-0,0-0-0,0-0-0,    0.000,    0.000,    0.000,0.0.0.0,0/0,1,1970-01-01 00:00:00.000
2023-01-15 21:19:48,2023-01-15 21:19:48,0.042,10.0.2.15,45.57.91.1,38604,443,TCP,...A...F,0,0,2,80,0,0,0,0,0,0,0,0,0,0,0.0.0.0,0.0.0.0,0,0,00:00:00:00:00:00,00:00:00:00:00:00,00:00:00:00:00:00,00:00:00:00:00:00,0-0-0,0-0-0,0-0-0,0-0-0,0-0-0,0-0-0,0-0-0,0-0-0,0-0-0,0-0-0,    0.000,    0.000,    0.000,0.0.0.0,0/0,1,1970-01-01 00:00:00.000
2023-01-15 21:19:48,2023-01-15 21:19:48,0.042,45.57.91.1,10.0.2.15,443,38604,TCP,...A...F,0,0,2,92,0,0,0,0,0,0,0,0,0,0,0.0.0.0,0.0.0.0,0,0,00:00:00:00:00:00,00:00:00:00:00:00,00:00:00:00:00:00,00:00:00:00:00:00,0-0-0,0-0-0,0-0-0,0-0-0,0-0-0,0-0-0,0-0-0,0-0-0,0-0-0,0-0-0,    0.000,    0.000,    0.000,0.0.0.0,0/0,1,1970-01-01 00:00:00.000
2023-01-15 21:19:48,2023-01-15 21:19:48,0.026,10.0.2.15,45.57.91.1,38594,443,TCP,...A...F,0,0,2,80,0,0,0,0,0,0,0,0,0,0,0.0.0.0,0.0.0.0,0,0,00:00:00:00:00:00,00:00:00:00:00:00,00:00:00:00:00:00,00:00:00:00:00:00,0-0-0,0-0-0,0-0-0,0-0-0,0-0-0,0-0-0,0-0-0,0-0-0,0-0-0,0-0-0,    0.000,    0.000,    0.000,0.0.0.0,0/0,1,1970-01-01 00:00:00.000
2023-01-15 21:19:48,2023-01-15 21:19:48,0.026,45.57.91.1,10.0.2.15,443,38594,TCP,...A...F,0,0,2,92,0,0,0,0,0,0,0,0,0,0,0.0.0.0,0.0.0.0,0,0,00:00:00:00:00:00,00:00:00:00:00:00,00:00:00:00:00:00,00:00:00:00:00:00,0-0-0,0-0-0,0-0-0,0-0-0,0-0-0,0-0-0,0-0-0,0-0-0,0-0-0,0-0-0,    0.000,    0.000,    0.000,0.0.0.0,0/0,1,1970-01-01 00:00:00.000
2023-01-15 21:19:48,2023-01-15 21:19:48,0.028,10.0.2.15,45.57.91.1,38630,443,TCP,...A...F,0,0,2,80,0,0,0,0,0,0,0,0,0,0,0.0.0.0,0.0.0.0,0,0,00:00:00:00:00:00,00:00:00:00:00:00,00:00:00:00:00:00,00:00:00:00:00:00,0-0-0,0-0-0,0-0-0,0-0-0,0-0-0,0-0-0,0-0-0,0-0-0,0-0-0,0-0-0,    0.000,    0.000,    0.000,0.0.0.0,0/0,1,1970-01-01 00:00:00.000
2023-01-15 21:19:48,2023-01-15 21:19:48,0.028,45.57.91.1,10.0.2.15,443,38630,TCP,...A...F,0,0,2,92,0,0,0,0,0,0,0,0,0,0,0.0.0.0,0.0.0.0,0,0,00:00:00:00:00:00,00:00:00:00:00:00,00:00:00:00:00:00,00:00:00:00:00:00,0-0-0,0-0-0,0-0-0,0-0-0,0-0-0,0-0-0,0-0-0,0-0-0,0-0-0,0-0-0,    0.000,    0.000,    0.000,0.0.0.0,0/0,1,1970-01-01 00:00:00.000
2023-01-15 21:19:48,2023-01-15 21:19:48,0.028,10.0.2.15,45.57.91.1,38652,443,TCP,...A...F,0,0,2,80,0,0,0,0,0,0,0,0,0,0,0.0.0.0,0.0.0.0,0,0,00:00:00:00:00:00,00:00:00:00:00:00,00:00:00:00:00:00,00:00:00:00:00:00,0-0-0,0-0-0,0-0-0,0-0-0,0-0-0,0-0-0,0-0-0,0-0-0,0-0-0,0-0-0,    0.000,    0.000,    0.000,0.0.0.0,0/0,1,1970-01-01 00:00:00.000
2023-01-15 21:19:48,2023-01-15 21:19:48,0.028,45.57.91.1,10.0.2.15,443,38652,TCP,...A...F,0,0,2,92,0,0,0,0,0,0,0,0,0,0,0.0.0.0,0.0.0.0,0,0,00:00:00:00:00:00,00:00:00:00:00:00,00:00:00:00:00:00,00:00:00:00:00:00,0-0-0,0-0-0,0-0-0,0-0-0,0-0-0,0-0-0,0-0-0,0-0-0,0-0-0,0-0-0,    0.000,    0.000,    0.000,0.0.0.0,0/0,1,1970-01-01 00:00:00.000
2023-01-15 21:19:48,2023-01-15 21:19:48,0.028,10.0.2.15,45.57.91.1,38614,443,TCP,...A...F,0,0,2,80,0,0,0,0,0,0,0,0,0,0,0.0.0.0,0.0.0.0,0,0,00:00:00:00:00:00,00:00:00:00:00:00,00:00:00:00:00:00,00:00:00:00:00:00,0-0-0,0-0-0,0-0-0,0-0-0,0-0-0,0-0-0,0-0-0,0-0-0,0-0-0,0-0-0,    0.000,    0.000,    0.000,0.0.0.0,0/0,1,1970-01-01 00:00:00.000
2023-01-15 21:19:48,2023-01-15 21:19:48,0.028,45.57.91.1,10.0.2.15,443,38614,TCP,...A...F,0,0,2,92,0,0,0,0,0,0,0,0,0,0,0.0.0.0,0.0.0.0,0,0,00:00:00:00:00:00,00:00:00:00:00:00,00:00:00:00:00:00,00:00:00:00:00:00,0-0-0,0-0-0,0-0-0,0-0-0,0-0-0,0-0-0,0-0-0,0-0-0,0-0-0,0-0-0,    0.000,    0.000,    0.000,0.0.0.0,0/0,1,1970-01-01 00:00:00.000
2023-01-15 21:19:48,2023-01-15 21:19:48,0.058,10.0.2.15,45.57.91.1,38646,443,TCP,...A...F,0,0,2,80,0,0,0,0,0,0,0,0,0,0,0.0.0.0,0.0.0.0,0,0,00:00:00:00:00:00,00:00:00:00:00:00,00:00:00:00:00:00,00:00:00:00:00:00,0-0-0,0-0-0,0-0-0,0-0-0,0-0-0,0-0-0,0-0-0,0-0-0,0-0-0,0-0-0,    0.000,    0.000,    0.000,0.0.0.0,0/0,1,1970-01-01 00:00:00.000
2023-01-15 21:19:48,2023-01-15 21:19:48,0.058,45.57.91.1,10.0.2.15,443,38646,TCP,...A...F,0,0,2,92,0,0,0,0,0,0,0,0,0,0,0.0.0.0,0.0.0.0,0,0,00:00:00:00:00:00,00:00:00:00:00:00,00:00:00:00:00:00,00:00:00:00:00:00,0-0-0,0-0-0,0-0-0,0-0-0,0-0-0,0-0-0,0-0-0,0-0-0,0-0-0,0-0-0,    0.000,    0.000,    0.000,0.0.0.0,0/0,1,1970-01-01 00:00:00.000
2023-01-15 21:19:48,2023-01-15 21:19:48,0.036,10.0.2.15,45.57.91.1,38666,443,TCP,...A...F,0,0,2,80,0,0,0,0,0,0,0,0,0,0,0.0.0.0,0.0.0.0,0,0,00:00:00:00:00:00,00:00:00:00:00:00,00:00:00:00:00:00,00:00:00:00:00:00,0-0-0,0-0-0,0-0-0,0-0-0,0-0-0,0-0-0,0-0-0,0-0-0,0-0-0,0-0-0,    0.000,    0.000,    0.000,0.0.0.0,0/0,1,1970-01-01 00:00:00.000
2023-01-15 21:19:48,2023-01-15 21:19:48,0.036,45.57.91.1,10.0.2.15,443,38666,TCP,...A...F,0,0,2,92,0,0,0,0,0,0,0,0,0,0,0.0.0.0,0.0.0.0,0,0,00:00:00:00:00:00,00:00:00:00:00:00,00:00:00:00:00:00,00:00:00:00:00:00,0-0-0,0-0-0,0-0-0,0-0-0,0-0-0,0-0-0,0-0-0,0-0-0,0-0-0,0-0-0,    0.000,    0.000,    0.000,0.0.0.0,0/0,1,1970-01-01 00:00:00.000
2023-01-15 21:19:48,2023-01-15 21:19:48,0.010,10.0.2.15,77.224.146.45,41134,443,TCP,...A...F,0,0,2,80,0,0,0,0,0,0,0,0,0,0,0.0.0.0,0.0.0.0,0,0,00:00:00:00:00:00,00:00:00:00:00:00,00:00:00:00:00:00,00:00:00:00:00:00,0-0-0,0-0-0,0-0-0,0-0-0,0-0-0,0-0-0,0-0-0,0-0-0,0-0-0,0-0-0,    0.000,    0.000,    0.000,0.0.0.0,0/0,1,1970-01-01 00:00:00.000
2023-01-15 21:19:48,2023-01-15 21:19:48,0.010,77.224.146.45,10.0.2.15,443,41134,TCP,...A...F,0,0,2,92,0,0,0,0,0,0,0,0,0,0,0.0.0.0,0.0.0.0,0,0,00:00:00:00:00:00,00:00:00:00:00:00,00:00:00:00:00:00,00:00:00:00:00:00,0-0-0,0-0-0,0-0-0,0-0-0,0-0-0,0-0-0,0-0-0,0-0-0,0-0-0,0-0-0,    0.000,    0.000,    0.000,0.0.0.0,0/0,1,1970-01-01 00:00:00.000
2023-01-15 21:20:01,2023-01-15 21:20:01,0.000,10.0.2.15,34.78.44.68,52878,2055,UDP,........,0,0,2,2792,0,0,0,0,0,0,0,0,0,0,0.0.0.0,0.0.0.0,0,0,00:00:00:00:00:00,00:00:00:00:00:00,00:00:00:00:00:00,00:00:00:00:00:00,0-0-0,0-0-0,0-0-0,0-0-0,0-0-0,0-0-0,0-0-0,0-0-0,0-0-0,0-0-0,    0.000,    0.000,    0.000,0.0.0.0,0/0,1,1970-01-01 00:00:00.000
2023-01-15 21:20:45,2023-01-15 21:20:45,0.000,10.0.2.15,34.78.44.68,52878,2055,UDP,........,0,0,2,2168,0,0,0,0,0,0,0,0,0,0,0.0.0.0,0.0.0.0,0,0,00:00:00:00:00:00,00:00:00:00:00:00,00:00:00:00:00:00,00:00:00:00:00:00,0-0-0,0-0-0,0-0-0,0-0-0,0-0-0,0-0-0,0-0-0,0-0-0,0-0-0,0-0-0,    0.000,    0.000,    0.000,0.0.0.0,0/0,1,1970-01-01 00:00:00.000
